Category,Indicator_ID,Indicator_Group,Indicator,Description,Country_Coverage,Time_Coverage,Download_Data_URL,View_Metadata_URL,API_Explorer_URL,Last_Update_Date,Disclaimer,Copyright_and_Usage
Economic Activity Indicators,#1,Greenhouse Gas Emissions,Quarterly Greenhouse Gas (GHG) Air Emissions Accounts,Quarterly greenhouse gas emissions by activity and by region,Regional,2010-2021,https://opendata.arcgis.com/datasets/543872e1d86c49e3a3bdf38f2b758f92_0.csv,https://climatedata.imf.org/datasets/543872e1d86c49e3a3bdf38f2b758f92,https://climatedata.imf.org/datasets/543872e1d86c49e3a3bdf38f2b758f92/api,"June 01, 2022","The estimates are considered experimental. The sources and methods used to compile these estimates are still in development. Users are encouraged to examine the documentation, metadata, and sources associated with the data. User feedback on the fit-for-use of this product and whether the various dimensions of the product are appropriate is welcome.",IMF Copyright and Usage: https://www.imf.org/external/terms.htm
Economic Activity Indicators,#1,Greenhouse Gas Emissions,Annual Greenhouse Gas (GHG) Air Emissions Accounts,Annual greenhouse gas emissions by activity and by region,Regional,2010-2021,https://opendata.arcgis.com/datasets/c8579761f19740dfbe4418b205654ddf_0.csv,https://climatedata.imf.org/datasets/c8579761f19740dfbe4418b205654ddf,https://climatedata.imf.org/datasets/c8579761f19740dfbe4418b205654ddf/api,"June 01, 2022","Users are encouraged to examine the documentation, metadata, and sources associated with the data. User feedback on the fit-for-use of this product and whether the various dimensions of the product are appropriate is welcome.",IMF Copyright and Usage: https://www.imf.org/external/terms.htm
Economic Activity Indicators,#2,National Inventories and Targets,National Greenhouse Gas Emissions Inventories and Implied National Mitigation (Nationally Determined Contributions) Targets,National Greenhouse Gas Emissions Inventories by the sector of origin and National Mitigation Targets as determined by the countries,232,1990-2030,https://opendata.arcgis.com/datasets/72e94bc71f4441d29710a9bea4d35f1d_0.csv,https://climatedata.imf.org/datasets/72e94bc71f4441d29710a9bea4d35f1d,https://climatedata.imf.org/datasets/72e94bc71f4441d29710a9bea4d35f1d/api,"July 20, 2022","The IMF Staff estimates (e.g. Business as Usual Estimates, Emissions Targets) are considered experimental. The sources and methods used to compile these estimates are still in development. Users are encouraged to examine the documentation, metadata, and sources associated with the data. User feedback on the fit-for-use of this product and whether the various dimensions of the product are appropriate is welcome.",IMF Copyright and Usage: https://www.imf.org/external/terms.htm
Economic Activity Indicators,#3,"CO₂ Emissions, Emission Intensities, and Emission Multipliers","CO₂ Emissions, Emissions Intensities, and Emissions Multipliers","CO₂ emissions;  CO₂ direct and indirect emissions per unit of output by industry and by country. CO₂ emissions by industry, in aggregate terms and in terms of output by industry",66,1995-2018,https://opendata.arcgis.com/datasets/7cec1228bfbe4a5e876ca5a5abedd64f_0.csv,https://climatedata.imf.org/datasets/7cec1228bfbe4a5e876ca5a5abedd64f,https://climatedata.imf.org/datasets/7cec1228bfbe4a5e876ca5a5abedd64f/api,"June 14, 2022","Users are encouraged to examine the documentation, metadata, and sources associated with the data. User feedback on the fit-for-use of this product and whether the various dimensions of the product are appropriate is welcome.",IMF Copyright and Usage: https://www.imf.org/external/terms.htm
Cross-Border Indicators,#4,Trade-related,"CO₂ Emissions embodied in Domestic Final Demand, Production, and Trade","Amount of CO₂ emissions from fuel combustion embodied in domestic final demand, production, and trade",66,1995-2020,https://opendata.arcgis.com/datasets/7ba962035bb548bb9893add2b5491896_0.csv,https://climatedata.imf.org/datasets/7ba962035bb548bb9893add2b5491896,https://climatedata.imf.org/datasets/7ba962035bb548bb9893add2b5491896/api,"April 19, 2022","Users are encouraged to examine the documentation, metadata, and sources associated with the data. User feedback on the fit-for-use of this product and whether the various dimensions of the product are appropriate is welcome.",IMF Copyright and Usage: https://www.imf.org/external/terms.htm
Cross-Border Indicators,#4,Trade-related,Trade in Environmental Goods,Environmental goods include both goods connected to environmental protection—such as goods related to pollution management and resource management—and adapted goods—which are goods that have been specifically modified to be more “environmentally friendly” or “cleaner.”,204,1994-2021,https://opendata.arcgis.com/datasets/8636ce866c8a404b8d9baeaffa2c6cb3_0.csv,https://climatedata.imf.org/datasets/8636ce866c8a404b8d9baeaffa2c6cb3,https://climatedata.imf.org/datasets/8636ce866c8a404b8d9baeaffa2c6cb3/api,"June 30, 2022",,IMF Copyright and Usage: https://www.imf.org/external/terms.htm
Cross-Border Indicators,#4,Trade-related,Bilateral Trade in Environmental Goods,Bilateral trade flows of environmental goods,204,1994-2021,https://opendata.arcgis.com/datasets/3b7069b7bf114ebe939e3f623eb78f7b_0.csv,https://climatedata.imf.org/datasets/3b7069b7bf114ebe939e3f623eb78f7b,https://climatedata.imf.org/datasets/3b7069b7bf114ebe939e3f623eb78f7b/api,"June 30, 2022",,IMF Copyright and Usage: https://www.imf.org/external/terms.htm
Cross-Border Indicators,#4,Trade-related,Trade in Low Carbon Technology Products,"Low carbon technology products produce less pollution than their traditional energy counterparts, and will play a vital role in the transition to a low carbon economy. Low carbon technologies include mechanics like wind turbines, solar panels, biomass systems and carbon capture equipment",204,1994-2021,https://opendata.arcgis.com/datasets/1d33174e9e46429d9e570d539556f66a_0.csv,https://climatedata.imf.org/datasets/1d33174e9e46429d9e570d539556f66a,https://climatedata.imf.org/datasets/1d33174e9e46429d9e570d539556f66a/api,"June 30, 2022",,IMF Copyright and Usage: https://www.imf.org/external/terms.htm
Cross-Border Indicators,#4,Trade-related,Bilateral Trade in Low Carbon Technology Products,Bilateral trade flows of low carbon technology products,204,1994-2021,https://opendata.arcgis.com/datasets/975bc577fe7342c2a3651e8841959c47_0.csv,https://climatedata.imf.org/datasets/975bc577fe7342c2a3651e8841959c47,https://climatedata.imf.org/datasets/975bc577fe7342c2a3651e8841959c47/api,"June 30, 2022",,IMF Copyright and Usage: https://www.imf.org/external/terms.htm
Cross-Border Indicators,#5,Direct Investment-related,Direct Investment-related Indicators,Carbon emissions associated with domestic output used for gross fixed capital formation financed by direct investment and its ratio to final demand. Carbon emissions embodied in the output of domestic and foreign owned enterprises and the emissions embodied in the portion of this output that is exported,59,2005-2018,https://opendata.arcgis.com/datasets/90ad86f75879448b98336a202cde94fc_0.csv,https://climatedata.imf.org/datasets/90ad86f75879448b98336a202cde94fc,https://climatedata.imf.org/datasets/90ad86f75879448b98336a202cde94fc/api,"April 19, 2022",,IMF Copyright and Usage: https://www.imf.org/external/terms.htm
Financial and Risk Indicators,#6,Financial,Carbon Footprint Adjusted Loans to Total Loans for Deposit Takers,Loans by deposit takers provide finance to industries with varying degrees of carbon intensities. The footprint-adjusted loans to total loans for the deposit takers contributes to the disclosure of the carbon intensity of the loans portfolio,40,2005-2018,https://opendata.arcgis.com/datasets/596f11fea29d429ba6c5507e3756a751_0.csv,https://climatedata.imf.org/datasets/596f11fea29d429ba6c5507e3756a751,https://climatedata.imf.org/datasets/596f11fea29d429ba6c5507e3756a751/api,"August 09, 2022",,IMF Copyright and Usage: https://www.imf.org/external/terms.htm
Financial and Risk Indicators,#6,Financial,Green Bonds,"Green Bonds are any type of self-labelled fixed income instruments where the proceeds will be exclusively directed to finance or re-finance, in part or in full, new and/or existing green projects. It is regarded as a climate mitigation and adaptation tool",76,1985-2021,https://opendata.arcgis.com/datasets/8e2772e0b65f4e33a80183ce9583d062_0.csv,https://climatedata.imf.org/datasets/8e2772e0b65f4e33a80183ce9583d062,https://climatedata.imf.org/datasets/8e2772e0b65f4e33a80183ce9583d062/api,"April 19, 2022",,IMF Copyright and Usage: https://www.imf.org/external/terms.htm
Financial and Risk Indicators,#6,Financial,Non-life Insurance Penetration,Average non-life insurance premium to GDP between the years 2008-2017,167,2017-2017,https://opendata.arcgis.com/datasets/78763cc810af4779a73aa3123ef5e3ad_0.csv,https://climatedata.imf.org/datasets/78763cc810af4779a73aa3123ef5e3ad,https://climatedata.imf.org/datasets/78763cc810af4779a73aa3123ef5e3ad/api,"April 19, 2022",,IMF Copyright and Usage: https://www.imf.org/external/terms.htm
Financial and Risk Indicators,#7,Physical and Transition Risks,Climate-driven INFORM Risk,"Climate-driven INFORM Risk Indicator helps assess risk for climate-driven hazards. It can support decisions about prevention, preparedness, and response. It has three dimensions: climate-driven hazard & exposure, vulnerability, and lack of coping capacity",191,2020-2021,https://opendata.arcgis.com/datasets/7cae02f84ed547fbbd6210d90da19879_0.csv,https://climatedata.imf.org/datasets/7cae02f84ed547fbbd6210d90da19879,https://climatedata.imf.org/datasets/7cae02f84ed547fbbd6210d90da19879/api,"April 19, 2022",,IMF Copyright and Usage: https://www.imf.org/external/terms.htm
Financial and Risk Indicators,#7,Physical and Transition Risks,Preparedness of Countries for a Low-carbon Transition,Countries’ varying degrees of preparedness for turning the risks of a low-carbon transition into opportunities for robust growth,101,2019-2019,https://opendata.arcgis.com/datasets/db86a84b3aa44f638005f3bcad30b4ef_0.csv,https://climatedata.imf.org/datasets/db86a84b3aa44f638005f3bcad30b4ef,https://climatedata.imf.org/datasets/db86a84b3aa44f638005f3bcad30b4ef/api,"April 19, 2022",,IMF Copyright and Usage: https://www.imf.org/external/terms.htm
Government Policy Indicators,#8,Environmental Taxes,Environmental Taxes,"A tax whose tax base is a physical unit (or a proxy of it) of something that has a proven, specific, negative impact on the environment",117,1995-2020,https://opendata.arcgis.com/datasets/3fb1ed30d3394574b3145246846023b1_0.csv,https://climatedata.imf.org/datasets/3fb1ed30d3394574b3145246846023b1,https://climatedata.imf.org/datasets/3fb1ed30d3394574b3145246846023b1/api,"June 29, 2022",,IMF Copyright and Usage: https://www.imf.org/external/terms.htm
Government Policy Indicators,#9,Environmental Protection Expenditures,Environmental Protection Expenditures,"Government expenditures on a specified set of activities including pollution abatement, protection of biodiversity landscape, waste and wastewater management, within the framework of the Classification of Functions of Government (COFOG)",125,1995-2020,https://opendata.arcgis.com/datasets/d22a6decd9b147fd9040f793082b219b_0.csv,https://climatedata.imf.org/datasets/d22a6decd9b147fd9040f793082b219b,https://climatedata.imf.org/datasets/d22a6decd9b147fd9040f793082b219b/api,"June 30, 2022",,IMF Copyright and Usage: https://www.imf.org/external/terms.htm
Government Policy Indicators,#10,Fossil Fuel Subsidies,Fossil Fuel Subsidies,"The extent to which fossil fuel prices paid by consumers do not reflect the fuels’ full financial and social costs, expressed as an aggregate value for each fuel and economy",197,2015-2025,https://opendata.arcgis.com/datasets/d48cfd2124954fb0900cef95f2db2724_0.csv,https://climatedata.imf.org/datasets/d48cfd2124954fb0900cef95f2db2724,https://climatedata.imf.org/datasets/d48cfd2124954fb0900cef95f2db2724/api,"April 19, 2022",The subsidy amounts are estimates using the available data. See the associated Working Paper for additional caveats.,IMF Copyright and Usage: https://www.imf.org/external/terms.htm
Climate Change Data,#11,Annual Surface Temperature Change,Annual Surface Temperature Change,"Annual estimates of mean surface temperature change are measured with respect to a baseline climatology, corresponding to the period 1951-1980",226,1961-2021,https://opendata.arcgis.com/datasets/4063314923d74187be9596f10d034914_0.csv,https://climatedata.imf.org/datasets/4063314923d74187be9596f10d034914,https://climatedata.imf.org/datasets/4063314923d74187be9596f10d034914/api,"June 23, 2022","Users are encouraged to examine the documentation, metadata, and sources associated with the data. User feedback on the fit-for-use of this product and whether the various dimensions of the product are appropriate is welcome.",IMF Copyright and Usage: https://www.imf.org/external/terms.htm
Climate Change Data,#12,Atmospheric CO₂ Concentrations,Atmospheric CO₂ Concentrations,Monthly Atmospheric Carbon Dioxide concentrations,Global,1958-2022,https://opendata.arcgis.com/datasets/9c3764c0efcc4c71934ab3988f219e0e_0.csv,https://climatedata.imf.org/datasets/9c3764c0efcc4c71934ab3988f219e0e,https://climatedata.imf.org/datasets/9c3764c0efcc4c71934ab3988f219e0e/api,"June 23, 2022","The Mauna Loa data are being obtained at an altitude of 3400 m in the northern subtropics, and may not be the same as [the globally averaged CO₂ concentration at the surface](https://gml.noaa.gov/ccgg/trends/global.html#global).
Users are encouraged to examine the documentation, metadata, and sources associated with the data. User feedback on the fit-for-use of this product and whether the various dimensions of the product are appropriate is welcome.",IMF Copyright and Usage: https://www.imf.org/external/terms.htm
Climate Change Data,#13,Change in Mean Sea Levels,Change in Mean Sea Levels,Change in mean sea levels in regions across the world,Global,1992-2022,https://opendata.arcgis.com/datasets/b84a7e25159b4c65ba62d3f82c605855_0.csv,https://climatedata.imf.org/datasets/b84a7e25159b4c65ba62d3f82c605855,https://climatedata.imf.org/datasets/b84a7e25159b4c65ba62d3f82c605855/api,"June 23, 2022","Users are encouraged to examine the documentation, metadata, and sources associated with the data. User feedback on the fit-for-use of this product and whether the various dimensions of the product are appropriate is welcome.",IMF Copyright and Usage: https://www.imf.org/external/terms.htm
Climate Change Data,#14,Land Cover Accounts,Land Cover Accounts,"Changes in land cover over time, grouping land cover into those types that have climate influencing, climate regulating and climate neutral impacts",229,1992-2019,https://opendata.arcgis.com/datasets/b1e6c0ea281f47b285addae0cbb28f4b_0.csv,https://climatedata.imf.org/datasets/b1e6c0ea281f47b285addae0cbb28f4b,https://climatedata.imf.org/datasets/b1e6c0ea281f47b285addae0cbb28f4b/api,"June 23, 2022","Users are encouraged to examine the documentation, metadata, and sources associated with the data. User feedback on the fit-for-use of this product and whether the various dimensions of the product are appropriate is welcome.",IMF Copyright and Usage: https://www.imf.org/external/terms.htm
Climate Change Data,#15,Climate-related Disasters,Climate-related Disasters Frequency,Trend in number of climate related natural disasters,208,1980-2021,https://opendata.arcgis.com/datasets/b13b69ee0dde43a99c811f592af4e821_0.csv,https://climatedata.imf.org/datasets/b13b69ee0dde43a99c811f592af4e821,https://climatedata.imf.org/datasets/b13b69ee0dde43a99c811f592af4e821/api,"April 19, 2022",,IMF Copyright and Usage: https://www.imf.org/external/terms.htm
