Country,ISO2,ISO3,Indicator,Code,Unit,Source,2005,2006,2007,2008,2009,2010,2011,2012,2013,2014,2015,2016,2017,2018
Colombia,CO,COL,Carbon footprint-adjusted loans to total loans for deposit takers (Based on emission intensities - normalized),ECFLIN_RO,Ratio,"OECD (2021), OECD Inter-Country Input-Output Database, http://oe.cd/icio; International Monetary Fund (IMF), Statistics Department Questionnaire; IMF staff calculations.",,,,,,,,,,,100.0,103.2726095,85.11529074,85.93421201
Colombia,CO,COL,Carbon footprint-adjusted loans to total loans for deposit takers (Based on emission intensities),ECFLI_RO,Ratio,"OECD (2021), OECD Inter-Country Input-Output Database, http://oe.cd/icio; International Monetary Fund (IMF), Statistics Department Questionnaire; IMF staff calculations.",,,,,,,,,,,125.4638655,129.5698079,106.7889339,107.8163842
Colombia,CO,COL,Carbon footprint-adjusted loans to total loans for deposit takers (Based on emission multipliers - normalized),,Ratio,"OECD (2021), OECD Inter-Country Input-Output Database, http://oe.cd/icio; International Monetary Fund (IMF), Statistics Department Questionnaire; IMF staff calculations.",,,,,,,,,,,100.0,104.7541926,83.53442053,83.99307585
Colombia,CO,COL,Carbon footprint-adjusted loans to total loans for deposit takers (Based on emission multipliers),ECFLM_RO,Ratio,"OECD (2021), OECD Inter-Country Input-Output Database, http://oe.cd/icio; International Monetary Fund (IMF), Statistics Department Questionnaire; IMF staff calculations.",,,,,,,,,,,267.4389287,280.1534906,223.4035593,224.6301822
