Country,ISO2,ISO3,Indicator,Code,Unit,Source,2020,2021
Colombia,CO,COL,Climate-driven Hazard & Exposure,ECFRMH_IX,Index,Disaster Risk Management Knowledge Centre (DRMKC). 2022. INFORM Risk Index. European Commission. https://drmkc.jrc.ec.europa.eu/inform-index/ INFORM-Risk. Access Date: 15-10-2021; IMF staff calculations.,4.6,4.6
Colombia,CO,COL,Climate-driven INFORM Risk Indicator,ECFRMR_IX,Index,Disaster Risk Management Knowledge Centre (DRMKC). 2022. INFORM Risk Index. European Commission. https://drmkc.jrc.ec.europa.eu/inform-index/ INFORM-Risk. Access Date: 15-10-2021; IMF staff calculations.,4.7,4.7
Colombia,CO,COL,Lack of coping capacity,ECFRMC_IX,Index,Disaster Risk Management Knowledge Centre (DRMKC). 2022. INFORM Risk Index. European Commission. https://drmkc.jrc.ec.europa.eu/inform-index/ INFORM-Risk. Access Date: 15-10-2021; IMF staff calculations.,3.7,3.7
Colombia,CO,COL,Vulnerability,ECFRMV_IX,Index,Disaster Risk Management Knowledge Centre (DRMKC). 2022. INFORM Risk Index. European Commission. https://drmkc.jrc.ec.europa.eu/inform-index/ INFORM-Risk. Access Date: 15-10-2021; IMF staff calculations.,6.1,6.2
