Country,ISO2,ISO3,Indicator,Code,Unit,Source,Scale,1995,1996,1997,1998,1999,2000,2001,2002,2003,2004,2005,2006,2007,2008,2009,2010,2011,2012,2013,2014,2015,2016,2017,2018,2019,2020
Colombia,CO,COL,"CO2 Emissions Embodied in Final Demand, balance",ECBTDB_TN,Millions of metric tons,"OECD (2021), Trade in embodied CO2 (TeCO₂) Database, https://www.oecd.org/sti/ind/carbondioxideemissionsembodiedininternationaltrade.htm; International Monetary Fund (IMF). 2022. Direction of Trade Statistics (DOTS). https://data.imf.org/dot. Access Date: 04-03-2022;",Units,,,,,,,,,,,-7.186,-9.777,-14.149,-16.817,-9.86,-14.617,-19.778,-22.584,-20.56,-21.054,-14.623,,,,,
Colombia,CO,COL,CO2 Emissions Embodied in Final Domestic Demand,ECBTD_TN,Millions of metric tons,"OECD (2021), Trade in embodied CO2 (TeCO₂) Database, https://www.oecd.org/sti/ind/carbondioxideemissionsembodiedininternationaltrade.htm; International Monetary Fund (IMF). 2022. Direction of Trade Statistics (DOTS). https://data.imf.org/dot. Access Date: 04-03-2022;",Units,,,,,,,,,,,63.647,66.373,71.415,75.29,71.951,78.324,89.064,92.198,99.774,103.908,97.378,,,,,
Colombia,CO,COL,CO2 Emissions Embodied in Gross Exports,ECBTTX_TN,Millions of metric tons,"OECD (2021), Trade in embodied CO2 (TeCO₂) Database, https://www.oecd.org/sti/ind/carbondioxideemissionsembodiedininternationaltrade.htm; International Monetary Fund (IMF). 2022. Direction of Trade Statistics (DOTS). https://data.imf.org/dot. Access Date: 04-03-2022;",Units,11.91,12.7,12.855,13.256,12.445,15.997,15.921,14.807,14.998,15.321,15.494,14.697,14.371,16.025,14.732,15.246,18.252,19.116,19.868,22.799,22.917,24.096,22.288,23.199,19.707,20.225
Colombia,CO,COL,"CO2 Emissions Embodied in Gross Exports, balance",ECBTTTB_TN,Millions of metric tons,"OECD (2021), Trade in embodied CO2 (TeCO₂) Database, https://www.oecd.org/sti/ind/carbondioxideemissionsembodiedininternationaltrade.htm; International Monetary Fund (IMF). 2022. Direction of Trade Statistics (DOTS). https://data.imf.org/dot. Access Date: 04-03-2022;",Units,-10.018,-10.185,-12.219,-12.093,-7.107,-4.566,-5.29,-7.334,-6.186,-8.594,-11.685,-13.101,-15.467,-16.723,-11.185,-14.557,-18.165,-20.343,-18.667,-18.347,-13.32,-9.301,-9.509,-9.652,-10.772,-7.8
Colombia,CO,COL,CO2 Emissions Embodied in Gross Imports,ECBTTM_TN,Millions of metric tons,"OECD (2021), Trade in embodied CO2 (TeCO₂) Database, https://www.oecd.org/sti/ind/carbondioxideemissionsembodiedininternationaltrade.htm; International Monetary Fund (IMF). 2022. Direction of Trade Statistics (DOTS). https://data.imf.org/dot. Access Date: 04-03-2022;",Units,21.672,22.578,24.665,24.887,19.184,20.386,21.075,21.91,20.999,23.823,27.209,27.787,29.782,32.716,25.905,29.79,36.384,39.42,38.488,41.017,36.085,33.234,31.675,32.73,30.479,28.025
Colombia,CO,COL,CO2 Emissions Embodied in Production,ECBTP_TN,Millions of metric tons,"OECD (2021), Trade in embodied CO2 (TeCO₂) Database, https://www.oecd.org/sti/ind/carbondioxideemissionsembodiedininternationaltrade.htm; International Monetary Fund (IMF). 2022. Direction of Trade Statistics (DOTS). https://data.imf.org/dot. Access Date: 04-03-2022;",Units,,,,,,,,,,,56.461,56.596,57.266,58.473,62.091,63.707,69.287,69.615,79.214,82.854,82.755,,,,,
