Country,ISO2,ISO3,Indicator,Code,Unit,Source,Industry,Scale,1995,1996,1997,1998,1999,2000,2001,2002,2003,2004,2005,2006,2007,2008,2009,2010,2011,2012,2013,2014,2015,2016,2017,2018
Colombia,CO,COL,CO2 emissions,,Millions of Metric tons of CO2,"OECD (2021), OECD Inter-Country Input-Output Database, https://oe.cd/icio; OECD (2021), Trade in embodied CO₂ (TeCO2) Database, https://www.oecd.org/sti/ind/carbondioxideemissionsembodiedininternationaltrade.htm; Organisation for Economic Co-operation and Development (OECD). 2021. Input-Output Tables (IOTs) (https://oe.cd/i-o); Access Date: 04-03-2022",Accomodation and food services,Units,0.132,0.138,0.151,0.15,0.148,0.118,0.082,0.123,0.137,0.097,0.103,0.108,0.098,0.115,0.115,0.15,0.174,0.203,0.142,0.138,0.135,0.141,0.141,0.169
Colombia,CO,COL,CO2 emissions,,Millions of Metric tons of CO2,"OECD (2021), OECD Inter-Country Input-Output Database, https://oe.cd/icio; OECD (2021), Trade in embodied CO₂ (TeCO2) Database, https://www.oecd.org/sti/ind/carbondioxideemissionsembodiedininternationaltrade.htm; Organisation for Economic Co-operation and Development (OECD). 2021. Input-Output Tables (IOTs) (https://oe.cd/i-o); Access Date: 04-03-2022",Activities of households as employers; undifferentiated goods- and services-producing activities of households for own use,Units,0.0,0.0,0.0,0.0,0.0,0.0,0.0,0.0,0.0,0.0,0.0,0.0,0.0,0.0,0.0,0.0,0.0,0.0,0.0,0.0,0.0,0.0,0.0,0.0
Colombia,CO,COL,CO2 emissions,,Millions of Metric tons of CO2,"OECD (2021), OECD Inter-Country Input-Output Database, https://oe.cd/icio; OECD (2021), Trade in embodied CO₂ (TeCO2) Database, https://www.oecd.org/sti/ind/carbondioxideemissionsembodiedininternationaltrade.htm; Organisation for Economic Co-operation and Development (OECD). 2021. Input-Output Tables (IOTs) (https://oe.cd/i-o); Access Date: 04-03-2022",Administrative and support services,Units,0.114,0.108,0.115,0.12,0.1,0.13,0.096,0.116,0.136,0.134,0.154,0.181,0.196,0.287,0.275,0.325,0.443,0.484,0.415,0.147,0.141,0.133,0.139,0.165
Colombia,CO,COL,CO2 emissions,,Millions of Metric tons of CO2,"OECD (2021), OECD Inter-Country Input-Output Database, https://oe.cd/icio; OECD (2021), Trade in embodied CO₂ (TeCO2) Database, https://www.oecd.org/sti/ind/carbondioxideemissionsembodiedininternationaltrade.htm; Organisation for Economic Co-operation and Development (OECD). 2021. Input-Output Tables (IOTs) (https://oe.cd/i-o); Access Date: 04-03-2022","Agriculture, hunting, forestry",Units,1.358,1.522,1.63,1.618,1.437,1.606,1.617,1.628,1.735,1.592,1.587,1.685,1.748,1.925,2.773,2.838,3.5,3.738,0.701,0.966,1.005,0.936,0.979,1.106
Colombia,CO,COL,CO2 emissions,,Millions of Metric tons of CO2,"OECD (2021), OECD Inter-Country Input-Output Database, https://oe.cd/icio; OECD (2021), Trade in embodied CO₂ (TeCO2) Database, https://www.oecd.org/sti/ind/carbondioxideemissionsembodiedininternationaltrade.htm; Organisation for Economic Co-operation and Development (OECD). 2021. Input-Output Tables (IOTs) (https://oe.cd/i-o); Access Date: 04-03-2022",Air transport,Units,1.253,1.262,1.389,1.383,1.344,1.319,1.267,1.246,1.204,1.439,1.461,1.577,1.417,1.653,1.53,1.708,1.867,1.903,1.964,3.427,4.027,4.242,4.494,4.753
Colombia,CO,COL,CO2 emissions,,Millions of Metric tons of CO2,"OECD (2021), OECD Inter-Country Input-Output Database, https://oe.cd/icio; OECD (2021), Trade in embodied CO₂ (TeCO2) Database, https://www.oecd.org/sti/ind/carbondioxideemissionsembodiedininternationaltrade.htm; Organisation for Economic Co-operation and Development (OECD). 2021. Input-Output Tables (IOTs) (https://oe.cd/i-o); Access Date: 04-03-2022","Arts, entertainment and recreation",Units,0.038,0.036,0.038,0.037,0.033,0.029,0.016,0.027,0.028,0.018,0.02,0.022,0.023,0.023,0.022,0.028,0.033,0.037,0.025,0.032,0.033,0.031,0.032,0.038
Colombia,CO,COL,CO2 emissions,,Millions of Metric tons of CO2,"OECD (2021), OECD Inter-Country Input-Output Database, https://oe.cd/icio; OECD (2021), Trade in embodied CO₂ (TeCO2) Database, https://www.oecd.org/sti/ind/carbondioxideemissionsembodiedininternationaltrade.htm; Organisation for Economic Co-operation and Development (OECD). 2021. Input-Output Tables (IOTs) (https://oe.cd/i-o); Access Date: 04-03-2022",Basic metals,Units,4.96,4.291,4.087,3.859,3.22,3.162,3.186,2.992,3.109,2.837,2.992,2.788,3.037,2.694,3.177,3.762,4.094,4.247,4.307,3.852,3.554,3.632,3.476,3.455
Colombia,CO,COL,CO2 emissions,,Millions of Metric tons of CO2,"OECD (2021), OECD Inter-Country Input-Output Database, https://oe.cd/icio; OECD (2021), Trade in embodied CO₂ (TeCO2) Database, https://www.oecd.org/sti/ind/carbondioxideemissionsembodiedininternationaltrade.htm; Organisation for Economic Co-operation and Development (OECD). 2021. Input-Output Tables (IOTs) (https://oe.cd/i-o); Access Date: 04-03-2022",Chemicals and pharmaceutical products,Units,2.063,2.193,2.231,2.18,2.148,2.183,2.49,2.385,2.582,2.5,2.619,2.533,2.565,3.2,2.681,2.679,2.903,2.71,1.484,1.583,0.94,0.85,0.714,0.745
Colombia,CO,COL,CO2 emissions,,Millions of Metric tons of CO2,"OECD (2021), OECD Inter-Country Input-Output Database, https://oe.cd/icio; OECD (2021), Trade in embodied CO₂ (TeCO2) Database, https://www.oecd.org/sti/ind/carbondioxideemissionsembodiedininternationaltrade.htm; Organisation for Economic Co-operation and Development (OECD). 2021. Input-Output Tables (IOTs) (https://oe.cd/i-o); Access Date: 04-03-2022",Coke and refined petroleum products,Units,1.851,1.957,1.56,1.414,1.501,1.505,1.522,1.535,1.519,1.557,1.591,1.846,1.877,2.115,2.033,1.988,2.266,2.508,8.939,10.76,9.344,10.02,8.267,8.243
Colombia,CO,COL,CO2 emissions,,Millions of Metric tons of CO2,"OECD (2021), OECD Inter-Country Input-Output Database, https://oe.cd/icio; OECD (2021), Trade in embodied CO₂ (TeCO2) Database, https://www.oecd.org/sti/ind/carbondioxideemissionsembodiedininternationaltrade.htm; Organisation for Economic Co-operation and Development (OECD). 2021. Input-Output Tables (IOTs) (https://oe.cd/i-o); Access Date: 04-03-2022","Computer, electronic and optical products",Units,0.017,0.013,0.018,0.015,0.01,0.019,0.021,0.024,0.009,0.008,0.008,0.007,0.008,0.006,0.004,0.006,0.003,0.008,0.006,0.003,0.002,0.001,0.001,0.001
Colombia,CO,COL,CO2 emissions,,Millions of Metric tons of CO2,"OECD (2021), OECD Inter-Country Input-Output Database, https://oe.cd/icio; OECD (2021), Trade in embodied CO₂ (TeCO2) Database, https://www.oecd.org/sti/ind/carbondioxideemissionsembodiedininternationaltrade.htm; Organisation for Economic Co-operation and Development (OECD). 2021. Input-Output Tables (IOTs) (https://oe.cd/i-o); Access Date: 04-03-2022",Construction,Units,0.336,0.356,0.376,0.356,0.256,0.266,0.295,0.312,0.326,0.373,0.604,0.407,0.484,0.676,0.501,0.572,0.612,0.604,1.054,1.313,1.48,1.044,1.113,1.28
Colombia,CO,COL,CO2 emissions,,Millions of Metric tons of CO2,"OECD (2021), OECD Inter-Country Input-Output Database, https://oe.cd/icio; OECD (2021), Trade in embodied CO₂ (TeCO2) Database, https://www.oecd.org/sti/ind/carbondioxideemissionsembodiedininternationaltrade.htm; Organisation for Economic Co-operation and Development (OECD). 2021. Input-Output Tables (IOTs) (https://oe.cd/i-o); Access Date: 04-03-2022",Education,Units,0.128,0.12,0.127,0.122,0.115,0.11,0.07,0.111,0.125,0.089,0.098,0.112,0.118,0.108,0.107,0.129,0.142,0.16,0.115,0.087,0.081,0.084,0.082,0.105
Colombia,CO,COL,CO2 emissions,,Millions of Metric tons of CO2,"OECD (2021), OECD Inter-Country Input-Output Database, https://oe.cd/icio; OECD (2021), Trade in embodied CO₂ (TeCO2) Database, https://www.oecd.org/sti/ind/carbondioxideemissionsembodiedininternationaltrade.htm; Organisation for Economic Co-operation and Development (OECD). 2021. Input-Output Tables (IOTs) (https://oe.cd/i-o); Access Date: 04-03-2022",Electrical equipment,Units,0.29,0.225,0.309,0.258,0.177,0.341,0.382,0.443,0.163,0.142,0.133,0.131,0.14,0.096,0.069,0.119,0.065,0.108,0.094,0.036,0.028,0.03,0.032,0.037
Colombia,CO,COL,CO2 emissions,,Millions of Metric tons of CO2,"OECD (2021), OECD Inter-Country Input-Output Database, https://oe.cd/icio; OECD (2021), Trade in embodied CO₂ (TeCO2) Database, https://www.oecd.org/sti/ind/carbondioxideemissionsembodiedininternationaltrade.htm; Organisation for Economic Co-operation and Development (OECD). 2021. Input-Output Tables (IOTs) (https://oe.cd/i-o); Access Date: 04-03-2022","Electricity, gas, steam and air conditioning supply",Units,7.151,4.945,7.836,8.171,4.47,6.412,6.567,6.344,6.576,5.194,5.952,6.246,6.26,5.181,9.387,10.411,6.141,7.518,11.926,13.004,14.794,14.248,7.75,9.856
Colombia,CO,COL,CO2 emissions,,Millions of Metric tons of CO2,"OECD (2021), OECD Inter-Country Input-Output Database, https://oe.cd/icio; OECD (2021), Trade in embodied CO₂ (TeCO2) Database, https://www.oecd.org/sti/ind/carbondioxideemissionsembodiedininternationaltrade.htm; Organisation for Economic Co-operation and Development (OECD). 2021. Input-Output Tables (IOTs) (https://oe.cd/i-o); Access Date: 04-03-2022",Fabricated metal products,Units,0.233,0.186,0.245,0.206,0.143,0.251,0.262,0.311,0.14,0.123,0.113,0.113,0.111,0.085,0.062,0.109,0.057,0.111,0.093,0.028,0.023,0.026,0.029,0.032
Colombia,CO,COL,CO2 emissions,,Millions of Metric tons of CO2,"OECD (2021), OECD Inter-Country Input-Output Database, https://oe.cd/icio; OECD (2021), Trade in embodied CO₂ (TeCO2) Database, https://www.oecd.org/sti/ind/carbondioxideemissionsembodiedininternationaltrade.htm; Organisation for Economic Co-operation and Development (OECD). 2021. Input-Output Tables (IOTs) (https://oe.cd/i-o); Access Date: 04-03-2022",Financial and insurance activities,Units,0.168,0.154,0.149,0.16,0.175,0.092,0.049,0.092,0.101,0.055,0.056,0.065,0.066,0.072,0.078,0.101,0.112,0.139,0.086,0.164,0.167,0.172,0.177,0.216
Colombia,CO,COL,CO2 emissions,,Millions of Metric tons of CO2,"OECD (2021), OECD Inter-Country Input-Output Database, https://oe.cd/icio; OECD (2021), Trade in embodied CO₂ (TeCO2) Database, https://www.oecd.org/sti/ind/carbondioxideemissionsembodiedininternationaltrade.htm; Organisation for Economic Co-operation and Development (OECD). 2021. Input-Output Tables (IOTs) (https://oe.cd/i-o); Access Date: 04-03-2022",Fishing and aquaculture,Units,0.0,0.0,0.001,0.0,0.0,0.005,0.006,0.006,0.008,0.01,0.013,0.013,0.013,0.011,0.008,0.009,0.011,0.012,0.012,0.016,0.014,0.014,0.013,0.016
Colombia,CO,COL,CO2 emissions,,Millions of Metric tons of CO2,"OECD (2021), OECD Inter-Country Input-Output Database, https://oe.cd/icio; OECD (2021), Trade in embodied CO₂ (TeCO2) Database, https://www.oecd.org/sti/ind/carbondioxideemissionsembodiedininternationaltrade.htm; Organisation for Economic Co-operation and Development (OECD). 2021. Input-Output Tables (IOTs) (https://oe.cd/i-o); Access Date: 04-03-2022","Food products, beverages and tobacco",Units,2.318,2.374,2.548,2.366,2.073,1.551,1.329,1.217,1.372,1.417,1.359,1.333,1.373,1.524,1.147,1.263,1.306,1.004,2.406,2.268,2.081,2.2,2.48,2.521
Colombia,CO,COL,CO2 emissions,,Millions of Metric tons of CO2,"OECD (2021), OECD Inter-Country Input-Output Database, https://oe.cd/icio; OECD (2021), Trade in embodied CO₂ (TeCO2) Database, https://www.oecd.org/sti/ind/carbondioxideemissionsembodiedininternationaltrade.htm; Organisation for Economic Co-operation and Development (OECD). 2021. Input-Output Tables (IOTs) (https://oe.cd/i-o); Access Date: 04-03-2022",Human health and social work activities,Units,0.186,0.176,0.189,0.183,0.152,0.106,0.071,0.117,0.139,0.101,0.118,0.117,0.12,0.12,0.116,0.148,0.165,0.189,0.134,0.182,0.182,0.191,0.198,0.242
Colombia,CO,COL,CO2 emissions,,Millions of Metric tons of CO2,"OECD (2021), OECD Inter-Country Input-Output Database, https://oe.cd/icio; OECD (2021), Trade in embodied CO₂ (TeCO2) Database, https://www.oecd.org/sti/ind/carbondioxideemissionsembodiedininternationaltrade.htm; Organisation for Economic Co-operation and Development (OECD). 2021. Input-Output Tables (IOTs) (https://oe.cd/i-o); Access Date: 04-03-2022",IT and other information services,Units,0.038,0.038,0.041,0.042,0.037,0.046,0.034,0.047,0.053,0.05,0.055,0.06,0.061,0.085,0.075,0.085,0.109,0.116,0.095,0.041,0.041,0.04,0.041,0.045
Colombia,CO,COL,CO2 emissions,,Millions of Metric tons of CO2,"OECD (2021), OECD Inter-Country Input-Output Database, https://oe.cd/icio; OECD (2021), Trade in embodied CO₂ (TeCO2) Database, https://www.oecd.org/sti/ind/carbondioxideemissionsembodiedininternationaltrade.htm; Organisation for Economic Co-operation and Development (OECD). 2021. Input-Output Tables (IOTs) (https://oe.cd/i-o); Access Date: 04-03-2022",Land transport and transport via pipelines,Units,3.622,3.627,3.53,2.813,2.384,5.475,5.394,4.417,4.374,5.066,4.876,5.419,5.565,5.854,5.003,5.583,6.869,7.405,7.576,7.548,7.791,8.747,8.891,8.901
Colombia,CO,COL,CO2 emissions,,Millions of Metric tons of CO2,"OECD (2021), OECD Inter-Country Input-Output Database, https://oe.cd/icio; OECD (2021), Trade in embodied CO₂ (TeCO2) Database, https://www.oecd.org/sti/ind/carbondioxideemissionsembodiedininternationaltrade.htm; Organisation for Economic Co-operation and Development (OECD). 2021. Input-Output Tables (IOTs) (https://oe.cd/i-o); Access Date: 04-03-2022",Machinery and equipment n.e.c.,Units,0.223,0.175,0.234,0.197,0.136,0.243,0.26,0.307,0.113,0.093,0.079,0.067,0.066,0.047,0.033,0.059,0.029,0.053,0.046,0.01,0.008,0.008,0.008,0.008
Colombia,CO,COL,CO2 emissions,,Millions of Metric tons of CO2,"OECD (2021), OECD Inter-Country Input-Output Database, https://oe.cd/icio; OECD (2021), Trade in embodied CO₂ (TeCO2) Database, https://www.oecd.org/sti/ind/carbondioxideemissionsembodiedininternationaltrade.htm; Organisation for Economic Co-operation and Development (OECD). 2021. Input-Output Tables (IOTs) (https://oe.cd/i-o); Access Date: 04-03-2022",Manufacturing nec; repair and installation of machinery and equipment,Units,0.369,0.392,0.411,0.39,0.328,0.399,0.364,0.486,0.5,0.531,0.53,0.517,0.513,0.591,0.397,0.436,0.509,0.481,0.305,0.096,0.102,0.098,0.225,0.242
Colombia,CO,COL,CO2 emissions,,Millions of Metric tons of CO2,"OECD (2021), OECD Inter-Country Input-Output Database, https://oe.cd/icio; OECD (2021), Trade in embodied CO₂ (TeCO2) Database, https://www.oecd.org/sti/ind/carbondioxideemissionsembodiedininternationaltrade.htm; Organisation for Economic Co-operation and Development (OECD). 2021. Input-Output Tables (IOTs) (https://oe.cd/i-o); Access Date: 04-03-2022","Mining and quarrying, energy producing products",Units,2.056,3.025,3.112,4.517,4.541,4.614,4.557,4.29,4.078,4.361,4.113,3.327,3.324,3.458,4.544,4.529,4.945,5.372,4.056,4.799,5.951,6.847,6.741,6.769
Colombia,CO,COL,CO2 emissions,,Millions of Metric tons of CO2,"OECD (2021), OECD Inter-Country Input-Output Database, https://oe.cd/icio; OECD (2021), Trade in embodied CO₂ (TeCO2) Database, https://www.oecd.org/sti/ind/carbondioxideemissionsembodiedininternationaltrade.htm; Organisation for Economic Co-operation and Development (OECD). 2021. Input-Output Tables (IOTs) (https://oe.cd/i-o); Access Date: 04-03-2022","Mining and quarrying, non-energy producing products",Units,0.053,0.048,0.057,0.051,0.021,0.069,0.112,0.094,0.113,0.136,0.159,0.139,0.153,0.217,0.203,0.18,0.201,0.344,1.127,1.044,0.603,1.43,1.772,2.101
Colombia,CO,COL,CO2 emissions,,Millions of Metric tons of CO2,"OECD (2021), OECD Inter-Country Input-Output Database, https://oe.cd/icio; OECD (2021), Trade in embodied CO₂ (TeCO2) Database, https://www.oecd.org/sti/ind/carbondioxideemissionsembodiedininternationaltrade.htm; Organisation for Economic Co-operation and Development (OECD). 2021. Input-Output Tables (IOTs) (https://oe.cd/i-o); Access Date: 04-03-2022",Mining support service activities,Units,0.002,0.002,0.002,0.002,0.001,0.002,0.002,0.002,0.002,0.002,0.002,0.002,0.002,0.001,0.001,0.001,0.001,0.006,0.039,0.038,0.02,0.051,0.066,0.086
Colombia,CO,COL,CO2 emissions,,Millions of Metric tons of CO2,"OECD (2021), OECD Inter-Country Input-Output Database, https://oe.cd/icio; OECD (2021), Trade in embodied CO₂ (TeCO2) Database, https://www.oecd.org/sti/ind/carbondioxideemissionsembodiedininternationaltrade.htm; Organisation for Economic Co-operation and Development (OECD). 2021. Input-Output Tables (IOTs) (https://oe.cd/i-o); Access Date: 04-03-2022","Motor vehicles, trailers and semi-trailers",Units,0.124,0.109,0.113,0.088,0.061,0.007,0.012,0.008,0.008,0.014,0.019,0.019,0.031,0.021,0.015,0.023,0.024,0.028,0.038,0.031,0.022,0.028,0.025,0.027
Colombia,CO,COL,CO2 emissions,,Millions of Metric tons of CO2,"OECD (2021), OECD Inter-Country Input-Output Database, https://oe.cd/icio; OECD (2021), Trade in embodied CO₂ (TeCO2) Database, https://www.oecd.org/sti/ind/carbondioxideemissionsembodiedininternationaltrade.htm; Organisation for Economic Co-operation and Development (OECD). 2021. Input-Output Tables (IOTs) (https://oe.cd/i-o); Access Date: 04-03-2022",Other non-metallic mineral products,Units,4.295,4.525,4.751,4.413,4.361,4.958,5.029,3.75,4.688,4.488,4.838,4.267,4.445,5.214,4.509,3.902,6.502,3.839,4.921,5.278,4.909,5.266,4.664,4.573
Colombia,CO,COL,CO2 emissions,,Millions of Metric tons of CO2,"OECD (2021), OECD Inter-Country Input-Output Database, https://oe.cd/icio; OECD (2021), Trade in embodied CO₂ (TeCO2) Database, https://www.oecd.org/sti/ind/carbondioxideemissionsembodiedininternationaltrade.htm; Organisation for Economic Co-operation and Development (OECD). 2021. Input-Output Tables (IOTs) (https://oe.cd/i-o); Access Date: 04-03-2022",Other service activities,Units,0.031,0.032,0.034,0.035,0.03,0.024,0.015,0.025,0.027,0.019,0.02,0.022,0.024,0.024,0.024,0.033,0.036,0.04,0.034,0.047,0.033,0.034,0.035,0.041
Colombia,CO,COL,CO2 emissions,,Millions of Metric tons of CO2,"OECD (2021), OECD Inter-Country Input-Output Database, https://oe.cd/icio; OECD (2021), Trade in embodied CO₂ (TeCO2) Database, https://www.oecd.org/sti/ind/carbondioxideemissionsembodiedininternationaltrade.htm; Organisation for Economic Co-operation and Development (OECD). 2021. Input-Output Tables (IOTs) (https://oe.cd/i-o); Access Date: 04-03-2022",Other transport equipment,Units,0.027,0.024,0.027,0.017,0.012,0.001,0.001,0.001,0.001,0.003,0.004,0.004,0.007,0.003,0.001,0.002,0.003,0.005,0.011,0.008,0.006,0.009,0.008,0.009
Colombia,CO,COL,CO2 emissions,,Millions of Metric tons of CO2,"OECD (2021), OECD Inter-Country Input-Output Database, https://oe.cd/icio; OECD (2021), Trade in embodied CO₂ (TeCO2) Database, https://www.oecd.org/sti/ind/carbondioxideemissionsembodiedininternationaltrade.htm; Organisation for Economic Co-operation and Development (OECD). 2021. Input-Output Tables (IOTs) (https://oe.cd/i-o); Access Date: 04-03-2022",Paper products and printing,Units,1.38,1.42,1.493,1.36,1.381,1.707,1.672,2.904,1.339,1.264,1.344,1.14,1.201,1.323,1.269,0.938,1.285,0.913,1.46,1.328,1.316,1.287,1.394,1.457
Colombia,CO,COL,CO2 emissions,,Millions of Metric tons of CO2,"OECD (2021), OECD Inter-Country Input-Output Database, https://oe.cd/icio; OECD (2021), Trade in embodied CO₂ (TeCO2) Database, https://www.oecd.org/sti/ind/carbondioxideemissionsembodiedininternationaltrade.htm; Organisation for Economic Co-operation and Development (OECD). 2021. Input-Output Tables (IOTs) (https://oe.cd/i-o); Access Date: 04-03-2022","Pharmaceuticals, medicinal chemical and botanical products",Units,0.531,0.564,0.574,0.561,0.552,0.56,0.64,0.613,0.664,0.645,0.674,0.652,0.662,0.825,0.692,0.624,0.682,0.628,0.357,0.379,0.239,0.209,0.172,0.189
Colombia,CO,COL,CO2 emissions,,Millions of Metric tons of CO2,"OECD (2021), OECD Inter-Country Input-Output Database, https://oe.cd/icio; OECD (2021), Trade in embodied CO₂ (TeCO2) Database, https://www.oecd.org/sti/ind/carbondioxideemissionsembodiedininternationaltrade.htm; Organisation for Economic Co-operation and Development (OECD). 2021. Input-Output Tables (IOTs) (https://oe.cd/i-o); Access Date: 04-03-2022",Postal and courier activities,Units,0.118,0.115,0.115,0.112,0.098,0.039,0.043,0.04,0.046,0.058,0.067,0.065,0.056,0.066,0.048,0.05,0.064,0.065,0.057,0.076,0.083,0.078,0.085,0.092
Colombia,CO,COL,CO2 emissions,,Millions of Metric tons of CO2,"OECD (2021), OECD Inter-Country Input-Output Database, https://oe.cd/icio; OECD (2021), Trade in embodied CO₂ (TeCO2) Database, https://www.oecd.org/sti/ind/carbondioxideemissionsembodiedininternationaltrade.htm; Organisation for Economic Co-operation and Development (OECD). 2021. Input-Output Tables (IOTs) (https://oe.cd/i-o); Access Date: 04-03-2022","Professional, scientific and technical activities",Units,0.167,0.164,0.168,0.169,0.137,0.24,0.173,0.183,0.21,0.234,0.261,0.289,0.307,0.426,0.414,0.486,0.626,0.699,0.67,0.21,0.192,0.183,0.181,0.213
Colombia,CO,COL,CO2 emissions,,Millions of Metric tons of CO2,"OECD (2021), OECD Inter-Country Input-Output Database, https://oe.cd/icio; OECD (2021), Trade in embodied CO₂ (TeCO2) Database, https://www.oecd.org/sti/ind/carbondioxideemissionsembodiedininternationaltrade.htm; Organisation for Economic Co-operation and Development (OECD). 2021. Input-Output Tables (IOTs) (https://oe.cd/i-o); Access Date: 04-03-2022",Public administration and defence; compulsory social security,Units,1.831,1.464,1.374,1.215,0.763,0.633,0.589,0.593,0.64,0.727,0.811,1.001,1.127,0.848,0.712,0.834,1.051,1.148,1.033,0.708,0.789,0.761,0.837,0.98
Colombia,CO,COL,CO2 emissions,,Millions of Metric tons of CO2,"OECD (2021), OECD Inter-Country Input-Output Database, https://oe.cd/icio; OECD (2021), Trade in embodied CO₂ (TeCO2) Database, https://www.oecd.org/sti/ind/carbondioxideemissionsembodiedininternationaltrade.htm; Organisation for Economic Co-operation and Development (OECD). 2021. Input-Output Tables (IOTs) (https://oe.cd/i-o); Access Date: 04-03-2022","Publishing, audiovisual and broadcasting activities",Units,0.047,0.045,0.044,0.038,0.034,0.02,0.016,0.022,0.024,0.02,0.022,0.023,0.024,0.025,0.022,0.025,0.029,0.031,0.024,0.026,0.027,0.026,0.025,0.027
Colombia,CO,COL,CO2 emissions,,Millions of Metric tons of CO2,"OECD (2021), OECD Inter-Country Input-Output Database, https://oe.cd/icio; OECD (2021), Trade in embodied CO₂ (TeCO2) Database, https://www.oecd.org/sti/ind/carbondioxideemissionsembodiedininternationaltrade.htm; Organisation for Economic Co-operation and Development (OECD). 2021. Input-Output Tables (IOTs) (https://oe.cd/i-o); Access Date: 04-03-2022",Real estate activities,Units,0.217,0.261,0.299,0.312,0.285,0.193,0.106,0.185,0.19,0.106,0.105,0.121,0.119,0.115,0.126,0.163,0.179,0.215,0.132,0.133,0.121,0.126,0.122,0.156
Colombia,CO,COL,CO2 emissions,,Millions of Metric tons of CO2,"OECD (2021), OECD Inter-Country Input-Output Database, https://oe.cd/icio; OECD (2021), Trade in embodied CO₂ (TeCO2) Database, https://www.oecd.org/sti/ind/carbondioxideemissionsembodiedininternationaltrade.htm; Organisation for Economic Co-operation and Development (OECD). 2021. Input-Output Tables (IOTs) (https://oe.cd/i-o); Access Date: 04-03-2022",Rubber and plastics products,Units,0.34,0.371,0.386,0.375,0.324,0.261,0.203,0.313,0.282,0.293,0.283,0.303,0.31,0.339,0.163,0.199,0.184,0.184,0.032,0.016,0.028,0.027,0.141,0.146
Colombia,CO,COL,CO2 emissions,,Millions of Metric tons of CO2,"OECD (2021), OECD Inter-Country Input-Output Database, https://oe.cd/icio; OECD (2021), Trade in embodied CO₂ (TeCO2) Database, https://www.oecd.org/sti/ind/carbondioxideemissionsembodiedininternationaltrade.htm; Organisation for Economic Co-operation and Development (OECD). 2021. Input-Output Tables (IOTs) (https://oe.cd/i-o); Access Date: 04-03-2022",Telecommunications,Units,0.529,0.461,0.401,0.367,0.323,0.167,0.175,0.206,0.237,0.268,0.311,0.298,0.247,0.303,0.208,0.212,0.257,0.273,0.215,0.116,0.11,0.111,0.11,0.129
Colombia,CO,COL,CO2 emissions,,Millions of Metric tons of CO2,"OECD (2021), OECD Inter-Country Input-Output Database, https://oe.cd/icio; OECD (2021), Trade in embodied CO₂ (TeCO2) Database, https://www.oecd.org/sti/ind/carbondioxideemissionsembodiedininternationaltrade.htm; Organisation for Economic Co-operation and Development (OECD). 2021. Input-Output Tables (IOTs) (https://oe.cd/i-o); Access Date: 04-03-2022","Textiles, textile products, leather and footwear",Units,1.307,1.366,1.447,1.321,1.256,1.336,1.189,1.19,1.03,1.027,1.025,0.933,0.953,1.025,0.938,0.781,0.955,0.623,0.98,1.067,0.827,0.777,1.492,1.508
Colombia,CO,COL,CO2 emissions,,Millions of Metric tons of CO2,"OECD (2021), OECD Inter-Country Input-Output Database, https://oe.cd/icio; OECD (2021), Trade in embodied CO₂ (TeCO2) Database, https://www.oecd.org/sti/ind/carbondioxideemissionsembodiedininternationaltrade.htm; Organisation for Economic Co-operation and Development (OECD). 2021. Input-Output Tables (IOTs) (https://oe.cd/i-o); Access Date: 04-03-2022",Warehousing and support activities for transportation,Units,0.034,0.034,0.035,0.03,0.025,0.058,0.053,0.054,0.061,0.073,0.084,0.116,0.099,0.138,0.121,0.143,0.197,0.216,0.201,0.171,0.182,0.182,0.175,0.197
Colombia,CO,COL,CO2 emissions,,Millions of Metric tons of CO2,"OECD (2021), OECD Inter-Country Input-Output Database, https://oe.cd/icio; OECD (2021), Trade in embodied CO₂ (TeCO2) Database, https://www.oecd.org/sti/ind/carbondioxideemissionsembodiedininternationaltrade.htm; Organisation for Economic Co-operation and Development (OECD). 2021. Input-Output Tables (IOTs) (https://oe.cd/i-o); Access Date: 04-03-2022","Water supply; sewerage, waste management and remediation activities",Units,0.045,0.044,0.046,0.045,0.038,0.107,0.111,0.12,0.149,0.169,0.195,0.164,0.149,0.118,0.096,0.1,0.111,0.109,0.091,0.153,0.163,0.167,0.191,0.216
Colombia,CO,COL,CO2 emissions,,Millions of Metric tons of CO2,"OECD (2021), OECD Inter-Country Input-Output Database, https://oe.cd/icio; OECD (2021), Trade in embodied CO₂ (TeCO2) Database, https://www.oecd.org/sti/ind/carbondioxideemissionsembodiedininternationaltrade.htm; Organisation for Economic Co-operation and Development (OECD). 2021. Input-Output Tables (IOTs) (https://oe.cd/i-o); Access Date: 04-03-2022",Water transport,Units,0.696,0.7,0.739,0.703,0.611,0.804,0.994,0.754,0.925,1.063,1.171,1.36,1.478,1.492,1.561,1.684,1.828,2.141,0.657,0.348,0.424,0.439,0.429,0.348
Colombia,CO,COL,CO2 emissions,,Millions of Metric tons of CO2,"OECD (2021), OECD Inter-Country Input-Output Database, https://oe.cd/icio; OECD (2021), Trade in embodied CO₂ (TeCO2) Database, https://www.oecd.org/sti/ind/carbondioxideemissionsembodiedininternationaltrade.htm; Organisation for Economic Co-operation and Development (OECD). 2021. Input-Output Tables (IOTs) (https://oe.cd/i-o); Access Date: 04-03-2022",Wholesale and retail trade; repair of motor vehicles,Units,0.644,0.667,0.688,0.584,0.504,0.676,0.643,0.646,0.754,0.824,0.818,0.995,0.873,1.077,0.881,0.976,1.318,1.409,1.262,1.183,1.432,1.44,1.519,1.764
Colombia,CO,COL,CO2 emissions,,Millions of Metric tons of CO2,"OECD (2021), OECD Inter-Country Input-Output Database, https://oe.cd/icio; OECD (2021), Trade in embodied CO₂ (TeCO2) Database, https://www.oecd.org/sti/ind/carbondioxideemissionsembodiedininternationaltrade.htm; Organisation for Economic Co-operation and Development (OECD). 2021. Input-Output Tables (IOTs) (https://oe.cd/i-o); Access Date: 04-03-2022",Wood and products of wood and cork,Units,0.364,0.391,0.424,0.378,0.273,0.158,0.075,0.188,0.093,0.079,0.098,0.085,0.086,0.112,0.085,0.094,0.096,0.093,0.034,0.041,0.036,0.023,0.026,0.027
Colombia,CO,COL,CO2 emissions intensities,,Metric Tons of CO2 Emissions per $1million USD of output,"OECD (2021), OECD Inter-Country Input-Output Database, https://oe.cd/icio; OECD (2021), Trade in embodied CO₂ (TeCO2) Database, https://www.oecd.org/sti/ind/carbondioxideemissionsembodiedininternationaltrade.htm; Organisation for Economic Co-operation and Development (OECD). 2021. Input-Output Tables (IOTs) (https://oe.cd/i-o); Access Date: 04-03-2022",Accomodation and food services,Units,23.68350229,23.79638571,23.94430966,25.9699787,30.14932062,18.65170315,13.35591895,20.26559462,23.17673529,13.12318203,11.19626067,10.60372505,7.345225603,7.191815089,7.332313185,7.714144656,7.857020293,8.151137345,5.429981913,4.859308922,5.985634477,6.220469315,5.610555803,6.484934997
Colombia,CO,COL,CO2 emissions intensities,,Metric Tons of CO2 Emissions per $1million USD of output,"OECD (2021), OECD Inter-Country Input-Output Database, https://oe.cd/icio; OECD (2021), Trade in embodied CO₂ (TeCO2) Database, https://www.oecd.org/sti/ind/carbondioxideemissionsembodiedininternationaltrade.htm; Organisation for Economic Co-operation and Development (OECD). 2021. Input-Output Tables (IOTs) (https://oe.cd/i-o); Access Date: 04-03-2022",Activities of households as employers; undifferentiated goods- and services-producing activities of households for own use,Units,0.0,0.0,0.0,0.0,0.0,0.0,0.0,0.0,0.0,0.0,0.0,0.0,0.0,0.0,0.0,0.0,0.0,0.0,0.0,0.0,0.0,0.0,0.0,0.0
Colombia,CO,COL,CO2 emissions intensities,,Metric Tons of CO2 Emissions per $1million USD of output,"OECD (2021), OECD Inter-Country Input-Output Database, https://oe.cd/icio; OECD (2021), Trade in embodied CO₂ (TeCO2) Database, https://www.oecd.org/sti/ind/carbondioxideemissionsembodiedininternationaltrade.htm; Organisation for Economic Co-operation and Development (OECD). 2021. Input-Output Tables (IOTs) (https://oe.cd/i-o); Access Date: 04-03-2022",Administrative and support services,Units,34.23012251,32.41101975,30.73551422,33.02419022,33.20273591,38.77818876,28.31023297,33.06538966,39.5716946,32.11580865,29.00516066,29.70427019,24.0960893,29.01275753,27.40080907,25.61879237,29.79032453,28.54009175,23.481085,7.681575193,9.510832906,9.597690781,9.03935697,10.01906659
Colombia,CO,COL,CO2 emissions intensities,,Metric Tons of CO2 Emissions per $1million USD of output,"OECD (2021), OECD Inter-Country Input-Output Database, https://oe.cd/icio; OECD (2021), Trade in embodied CO₂ (TeCO2) Database, https://www.oecd.org/sti/ind/carbondioxideemissionsembodiedininternationaltrade.htm; Organisation for Economic Co-operation and Development (OECD). 2021. Input-Output Tables (IOTs) (https://oe.cd/i-o); Access Date: 04-03-2022","Agriculture, hunting, forestry",Units,127.8924122,137.9510374,135.8073036,146.8799361,153.3601562,133.7263523,136.52367,133.8155515,148.6921943,116.075595,95.13475926,96.46596784,81.212048,77.53811451,120.8041996,107.4296011,117.6209648,121.3750645,22.85278374,29.6545521,36.64272432,32.78309569,31.93950091,34.59698887
Colombia,CO,COL,CO2 emissions intensities,,Metric Tons of CO2 Emissions per $1million USD of output,"OECD (2021), OECD Inter-Country Input-Output Database, https://oe.cd/icio; OECD (2021), Trade in embodied CO₂ (TeCO2) Database, https://www.oecd.org/sti/ind/carbondioxideemissionsembodiedininternationaltrade.htm; Organisation for Economic Co-operation and Development (OECD). 2021. Input-Output Tables (IOTs) (https://oe.cd/i-o); Access Date: 04-03-2022",Air transport,Units,1628.753412,1576.514678,1595.634693,1734.604289,1983.471074,1510.362991,1443.216767,1412.218066,1370.517928,1324.192509,1049.342814,908.9337176,654.0805022,652.946753,668.2098091,596.1397508,532.1969157,485.1250414,457.7875157,717.6813051,982.6025425,1098.081851,1080.41832,1021.60129
Colombia,CO,COL,CO2 emissions intensities,,Metric Tons of CO2 Emissions per $1million USD of output,"OECD (2021), OECD Inter-Country Input-Output Database, https://oe.cd/icio; OECD (2021), Trade in embodied CO₂ (TeCO2) Database, https://www.oecd.org/sti/ind/carbondioxideemissionsembodiedininternationaltrade.htm; Organisation for Economic Co-operation and Development (OECD). 2021. Input-Output Tables (IOTs) (https://oe.cd/i-o); Access Date: 04-03-2022","Arts, entertainment and recreation",Units,24.82686528,22.60454603,21.94122062,23.32618837,24.47889622,16.69160815,10.18005981,17.39018421,19.94444049,10.97560976,9.691331104,9.835918988,8.0019483,6.644134385,6.548203709,6.816798539,6.765483732,6.987328386,4.55414883,5.60047604,7.204768247,6.811989101,6.229559259,7.239474186
Colombia,CO,COL,CO2 emissions intensities,,Metric Tons of CO2 Emissions per $1million USD of output,"OECD (2021), OECD Inter-Country Input-Output Database, https://oe.cd/icio; OECD (2021), Trade in embodied CO₂ (TeCO2) Database, https://www.oecd.org/sti/ind/carbondioxideemissionsembodiedininternationaltrade.htm; Organisation for Economic Co-operation and Development (OECD). 2021. Input-Output Tables (IOTs) (https://oe.cd/i-o); Access Date: 04-03-2022",Basic metals,Units,3549.702999,2909.152542,2721.944722,2899.541664,2914.554671,2243.826284,2273.116438,2006.706908,1668.00794,1168.884677,985.2476291,790.2718331,712.5762553,482.7956989,673.735553,614.6958383,549.6187305,505.4267625,615.7959452,519.5085438,577.4824107,594.7176237,705.9588123,677.9561242
Colombia,CO,COL,CO2 emissions intensities,,Metric Tons of CO2 Emissions per $1million USD of output,"OECD (2021), OECD Inter-Country Input-Output Database, https://oe.cd/icio; OECD (2021), Trade in embodied CO₂ (TeCO2) Database, https://www.oecd.org/sti/ind/carbondioxideemissionsembodiedininternationaltrade.htm; Organisation for Economic Co-operation and Development (OECD). 2021. Input-Output Tables (IOTs) (https://oe.cd/i-o); Access Date: 04-03-2022",Chemicals and pharmaceutical products,Units,586.4294039,599.1148508,560.4964325,597.9647256,693.2386639,546.6793549,646.4510099,624.9181187,700.5073388,558.5968048,486.0891999,419.2944993,345.6407492,367.4064549,337.3939745,272.2339647,260.4054539,229.3772112,125.6360111,128.0319635,92.20296423,85.87072919,68.05444355,68.68385146
Colombia,CO,COL,CO2 emissions intensities,,Metric Tons of CO2 Emissions per $1million USD of output,"OECD (2021), OECD Inter-Country Input-Output Database, https://oe.cd/icio; OECD (2021), Trade in embodied CO₂ (TeCO2) Database, https://www.oecd.org/sti/ind/carbondioxideemissionsembodiedininternationaltrade.htm; Organisation for Economic Co-operation and Development (OECD). 2021. Input-Output Tables (IOTs) (https://oe.cd/i-o); Access Date: 04-03-2022",Coke and refined petroleum products,Units,698.0164417,709.2635547,519.9306759,514.5373167,642.6614146,500.0,500.4768012,494.6506832,424.2424242,315.2523841,232.1509346,219.992373,175.7095784,142.512533,168.1026642,116.7776877,101.2275968,102.1193428,357.6544208,461.5272434,565.7475691,652.0465933,446.2642174,371.3732204
Colombia,CO,COL,CO2 emissions intensities,,Metric Tons of CO2 Emissions per $1million USD of output,"OECD (2021), OECD Inter-Country Input-Output Database, https://oe.cd/icio; OECD (2021), Trade in embodied CO₂ (TeCO2) Database, https://www.oecd.org/sti/ind/carbondioxideemissionsembodiedininternationaltrade.htm; Organisation for Economic Co-operation and Development (OECD). 2021. Input-Output Tables (IOTs) (https://oe.cd/i-o); Access Date: 04-03-2022","Computer, electronic and optical products",Units,446.1942257,328.2828283,417.6334107,380.7106599,298.5074627,439.8148148,459.5185996,532.1507761,207.3732719,139.6160558,109.4391245,80.73817762,69.86899563,49.91680532,39.92015968,55.29953917,30.42596349,53.15614618,41.87020237,22.93577982,25.34854246,21.36752137,20.5338809,16.89189189
Colombia,CO,COL,CO2 emissions intensities,,Metric Tons of CO2 Emissions per $1million USD of output,"OECD (2021), OECD Inter-Country Input-Output Database, https://oe.cd/icio; OECD (2021), Trade in embodied CO₂ (TeCO2) Database, https://www.oecd.org/sti/ind/carbondioxideemissionsembodiedininternationaltrade.htm; Organisation for Economic Co-operation and Development (OECD). 2021. Input-Output Tables (IOTs) (https://oe.cd/i-o); Access Date: 04-03-2022",Construction,Units,39.13529631,39.85089497,38.70502857,40.01168881,33.8539256,27.29464881,29.34943739,27.91321852,28.50248304,24.48711636,31.34340751,18.02360339,16.52779675,18.04880654,13.75398756,13.83631064,12.46105919,10.77499701,17.18644521,18.76767957,26.70785933,19.41119379,20.20605455,22.62979425
Colombia,CO,COL,CO2 emissions intensities,,Metric Tons of CO2 Emissions per $1million USD of output,"OECD (2021), OECD Inter-Country Input-Output Database, https://oe.cd/icio; OECD (2021), Trade in embodied CO₂ (TeCO2) Database, https://www.oecd.org/sti/ind/carbondioxideemissionsembodiedininternationaltrade.htm; Organisation for Economic Co-operation and Development (OECD). 2021. Input-Output Tables (IOTs) (https://oe.cd/i-o); Access Date: 04-03-2022",Education,Units,22.10440879,19.91602078,19.38280272,20.32960624,20.89009991,16.73487396,10.65400362,17.11378353,20.21770424,11.99073076,10.67526498,11.43428857,9.511143352,7.548646835,7.516473018,7.503751876,7.553191489,7.607057448,5.149422817,3.712839597,4.31165264,4.589511873,4.02863277,4.814702726
Colombia,CO,COL,CO2 emissions intensities,,Metric Tons of CO2 Emissions per $1million USD of output,"OECD (2021), OECD Inter-Country Input-Output Database, https://oe.cd/icio; OECD (2021), Trade in embodied CO₂ (TeCO2) Database, https://www.oecd.org/sti/ind/carbondioxideemissionsembodiedininternationaltrade.htm; Organisation for Economic Co-operation and Development (OECD). 2021. Input-Output Tables (IOTs) (https://oe.cd/i-o); Access Date: 04-03-2022",Electrical equipment,Units,414.641121,309.1933489,390.4966511,355.9602649,287.3376623,429.5251291,454.9785612,534.5722216,204.5682731,134.8528015,98.97306147,82.22445393,66.55890463,43.44481151,37.48166658,53.07997681,26.36489008,44.63732176,39.3766756,14.93404132,14.15929204,15.38146021,16.70582093,17.64593667
Colombia,CO,COL,CO2 emissions intensities,,Metric Tons of CO2 Emissions per $1million USD of output,"OECD (2021), OECD Inter-Country Input-Output Database, https://oe.cd/icio; OECD (2021), Trade in embodied CO₂ (TeCO2) Database, https://www.oecd.org/sti/ind/carbondioxideemissionsembodiedininternationaltrade.htm; Organisation for Economic Co-operation and Development (OECD). 2021. Input-Output Tables (IOTs) (https://oe.cd/i-o); Access Date: 04-03-2022","Electricity, gas, steam and air conditioning supply",Units,1878.628662,1248.516676,1819.363826,2071.334415,1333.253795,1483.984447,1417.317736,1370.549602,1372.143975,885.7133113,830.0097615,826.2123337,667.6834796,470.3457918,805.6473415,739.4176136,401.8295316,436.9634585,671.6186765,676.7876009,904.8705449,886.1302701,466.2130865,540.0192864
Colombia,CO,COL,CO2 emissions intensities,,Metric Tons of CO2 Emissions per $1million USD of output,"OECD (2021), OECD Inter-Country Input-Output Database, https://oe.cd/icio; OECD (2021), Trade in embodied CO₂ (TeCO2) Database, https://www.oecd.org/sti/ind/carbondioxideemissionsembodiedininternationaltrade.htm; Organisation for Economic Co-operation and Development (OECD). 2021. Input-Output Tables (IOTs) (https://oe.cd/i-o); Access Date: 04-03-2022",Fabricated metal products,Units,464.6988432,356.5267395,431.8702626,396.4588145,323.8224638,441.0472676,465.9434466,544.086774,213.6100092,138.9359539,99.88508795,82.21171335,66.09896981,41.94630872,35.04210705,49.77396228,21.00143694,39.67970258,33.52680342,9.659502536,10.27336073,11.65762453,12.39528124,13.06655778
Colombia,CO,COL,CO2 emissions intensities,,Metric Tons of CO2 Emissions per $1million USD of output,"OECD (2021), OECD Inter-Country Input-Output Database, https://oe.cd/icio; OECD (2021), Trade in embodied CO₂ (TeCO2) Database, https://www.oecd.org/sti/ind/carbondioxideemissionsembodiedininternationaltrade.htm; Organisation for Economic Co-operation and Development (OECD). 2021. Input-Output Tables (IOTs) (https://oe.cd/i-o); Access Date: 04-03-2022",Financial and insurance activities,Units,29.12318413,25.65725901,22.82790213,26.76435657,34.44339474,14.05009163,7.710828206,14.50943902,16.51271152,7.306542677,5.94366257,6.698130706,5.188842416,4.502842419,4.828704793,5.158114071,5.234354188,5.706590907,3.355272655,5.864326657,7.513249413,8.132118559,7.229417603,8.134796592
Colombia,CO,COL,CO2 emissions intensities,,Metric Tons of CO2 Emissions per $1million USD of output,"OECD (2021), OECD Inter-Country Input-Output Database, https://oe.cd/icio; OECD (2021), Trade in embodied CO₂ (TeCO2) Database, https://www.oecd.org/sti/ind/carbondioxideemissionsembodiedininternationaltrade.htm; Organisation for Economic Co-operation and Development (OECD). 2021. Input-Output Tables (IOTs) (https://oe.cd/i-o); Access Date: 04-03-2022",Fishing and aquaculture,Units,0.0,0.0,2.640612622,0.0,0.0,13.16135825,15.1591713,15.54404145,20.17654477,21.61694769,23.6234781,21.51961596,18.03051318,13.70204285,11.14982578,11.10151721,12.46317698,12.51956182,12.83559739,14.5203739,15.61802767,15.52622824,14.13811854,15.20623456
Colombia,CO,COL,CO2 emissions intensities,,Metric Tons of CO2 Emissions per $1million USD of output,"OECD (2021), OECD Inter-Country Input-Output Database, https://oe.cd/icio; OECD (2021), Trade in embodied CO₂ (TeCO2) Database, https://www.oecd.org/sti/ind/carbondioxideemissionsembodiedininternationaltrade.htm; Organisation for Economic Co-operation and Development (OECD). 2021. Input-Output Tables (IOTs) (https://oe.cd/i-o); Access Date: 04-03-2022","Food products, beverages and tobacco",Units,169.5039195,166.8423642,164.6707554,166.9500914,172.1088944,99.91754065,84.40238791,78.46550613,92.34766338,79.44161014,62.42994432,56.90185817,46.84296179,43.7399368,35.10629832,33.51510568,30.61279502,23.11872525,57.00881433,49.9712467,57.09848597,60.41151224,63.73846668,64.39204307
Colombia,CO,COL,CO2 emissions intensities,,Metric Tons of CO2 Emissions per $1million USD of output,"OECD (2021), OECD Inter-Country Input-Output Database, https://oe.cd/icio; OECD (2021), Trade in embodied CO₂ (TeCO2) Database, https://www.oecd.org/sti/ind/carbondioxideemissionsembodiedininternationaltrade.htm; Organisation for Economic Co-operation and Development (OECD). 2021. Input-Output Tables (IOTs) (https://oe.cd/i-o); Access Date: 04-03-2022",Human health and social work activities,Units,34.19746277,31.09925256,30.71123316,32.46695644,31.72946457,17.16932845,11.14652181,18.23196671,21.80836877,13.06530063,11.8531019,10.73857535,8.87777523,7.638592717,7.455683673,7.767846365,7.927204243,8.017647308,5.381526104,6.670405026,8.262249238,8.947896073,8.159732954,9.117487492
Colombia,CO,COL,CO2 emissions intensities,,Metric Tons of CO2 Emissions per $1million USD of output,"OECD (2021), OECD Inter-Country Input-Output Database, https://oe.cd/icio; OECD (2021), Trade in embodied CO₂ (TeCO2) Database, https://www.oecd.org/sti/ind/carbondioxideemissionsembodiedininternationaltrade.htm; Organisation for Economic Co-operation and Development (OECD). 2021. Input-Output Tables (IOTs) (https://oe.cd/i-o); Access Date: 04-03-2022",IT and other information services,Units,27.7190167,26.64049355,26.4328541,28.28663793,29.23283559,29.56108219,20.03653721,26.56117547,30.75851663,23.55268736,19.93620415,19.70831691,15.93896162,19.19602529,18.91932799,17.96432496,20.88682788,20.55352776,16.6640355,6.782240455,8.824605583,9.230201218,8.863331748,9.357260194
Colombia,CO,COL,CO2 emissions intensities,,Metric Tons of CO2 Emissions per $1million USD of output,"OECD (2021), OECD Inter-Country Input-Output Database, https://oe.cd/icio; OECD (2021), Trade in embodied CO₂ (TeCO2) Database, https://www.oecd.org/sti/ind/carbondioxideemissionsembodiedininternationaltrade.htm; Organisation for Economic Co-operation and Development (OECD). 2021. Input-Output Tables (IOTs) (https://oe.cd/i-o); Access Date: 04-03-2022",Land transport and transport via pipelines,Units,800.6720163,770.5708641,689.6551724,595.041672,592.0039732,1066.233033,1044.883095,851.4042291,846.7718517,792.8260665,595.5783559,580.8021264,454.2597566,407.4955798,369.5687503,332.0407751,351.2117803,342.7415622,332.2675859,303.7277878,391.8580439,462.3418909,435.1102824,408.5088806
Colombia,CO,COL,CO2 emissions intensities,,Metric Tons of CO2 Emissions per $1million USD of output,"OECD (2021), OECD Inter-Country Input-Output Database, https://oe.cd/icio; OECD (2021), Trade in embodied CO₂ (TeCO2) Database, https://www.oecd.org/sti/ind/carbondioxideemissionsembodiedininternationaltrade.htm; Organisation for Economic Co-operation and Development (OECD). 2021. Input-Output Tables (IOTs) (https://oe.cd/i-o); Access Date: 04-03-2022",Machinery and equipment n.e.c.,Units,444.666002,335.3775393,412.4074727,379.0648451,307.9012905,426.9149684,450.9191814,532.431495,204.5619117,134.4707924,99.83571338,82.86951144,66.36500754,41.23168699,34.61296413,49.57566591,21.86204297,39.33793513,33.58154475,6.971556051,7.278682558,7.72797527,7.608178792,7.142219445
Colombia,CO,COL,CO2 emissions intensities,,Metric Tons of CO2 Emissions per $1million USD of output,"OECD (2021), OECD Inter-Country Input-Output Database, https://oe.cd/icio; OECD (2021), Trade in embodied CO₂ (TeCO2) Database, https://www.oecd.org/sti/ind/carbondioxideemissionsembodiedininternationaltrade.htm; Organisation for Economic Co-operation and Development (OECD). 2021. Input-Output Tables (IOTs) (https://oe.cd/i-o); Access Date: 04-03-2022",Manufacturing nec; repair and installation of machinery and equipment,Units,154.5161425,157.7528271,152.1039192,157.5821245,155.9380051,147.1890217,132.6675657,174.4937527,172.7951341,154.1409039,129.2556824,115.9921027,93.44262295,96.20549885,72.24223896,65.76565705,69.83700126,61.7783429,40.08358413,12.10806448,16.1346452,16.87647454,38.53663549,39.42909281
Colombia,CO,COL,CO2 emissions intensities,,Metric Tons of CO2 Emissions per $1million USD of output,"OECD (2021), OECD Inter-Country Input-Output Database, https://oe.cd/icio; OECD (2021), Trade in embodied CO₂ (TeCO2) Database, https://www.oecd.org/sti/ind/carbondioxideemissionsembodiedininternationaltrade.htm; Organisation for Economic Co-operation and Development (OECD). 2021. Input-Output Tables (IOTs) (https://oe.cd/i-o); Access Date: 04-03-2022","Mining and quarrying, energy producing products",Units,315.7733067,446.5142368,422.4185908,669.4331234,791.8461297,624.3065516,745.4848842,709.7596082,608.5568041,514.1415451,362.6376533,267.8398918,233.9230672,149.7274337,225.6643541,158.7106903,112.9598918,112.9689251,83.62127972,107.7775457,220.1627821,320.5059191,256.7031862,215.7986687
Colombia,CO,COL,CO2 emissions intensities,,Metric Tons of CO2 Emissions per $1million USD of output,"OECD (2021), OECD Inter-Country Input-Output Database, https://oe.cd/icio; OECD (2021), Trade in embodied CO₂ (TeCO2) Database, https://www.oecd.org/sti/ind/carbondioxideemissionsembodiedininternationaltrade.htm; Organisation for Economic Co-operation and Development (OECD). 2021. Input-Output Tables (IOTs) (https://oe.cd/i-o); Access Date: 04-03-2022","Mining and quarrying, non-energy producing products",Units,47.41032293,41.26547455,45.06285082,44.02244281,21.32845826,54.37780755,106.7174845,90.57621892,98.20962976,93.38735151,81.64732464,53.66173802,44.29646786,71.86382302,67.25194633,46.78484171,45.72442503,69.72596076,277.3539401,252.1434609,179.0114294,385.0088848,574.2246994,716.8691142
Colombia,CO,COL,CO2 emissions intensities,,Metric Tons of CO2 Emissions per $1million USD of output,"OECD (2021), OECD Inter-Country Input-Output Database, https://oe.cd/icio; OECD (2021), Trade in embodied CO₂ (TeCO2) Database, https://www.oecd.org/sti/ind/carbondioxideemissionsembodiedininternationaltrade.htm; Organisation for Economic Co-operation and Development (OECD). 2021. Input-Output Tables (IOTs) (https://oe.cd/i-o); Access Date: 04-03-2022",Mining support service activities,Units,37.03703704,35.58718861,32.73322422,35.71428571,21.00840336,32.62642741,39.44773176,39.92015968,35.97122302,28.40909091,21.25398512,19.47419669,16.01281025,6.963788301,7.44047619,6.333122229,5.356186395,29.91026919,231.8668252,232.7005511,151.9756839,360.678925,550.4587156,684.1686555
Colombia,CO,COL,CO2 emissions intensities,,Metric Tons of CO2 Emissions per $1million USD of output,"OECD (2021), OECD Inter-Country Input-Output Database, https://oe.cd/icio; OECD (2021), Trade in embodied CO₂ (TeCO2) Database, https://www.oecd.org/sti/ind/carbondioxideemissionsembodiedininternationaltrade.htm; Organisation for Economic Co-operation and Development (OECD). 2021. Input-Output Tables (IOTs) (https://oe.cd/i-o); Access Date: 04-03-2022","Motor vehicles, trailers and semi-trailers",Units,159.670358,134.9009901,128.5990668,109.3439364,89.18128655,7.941009643,10.25904078,7.25097435,8.119354511,9.220231823,9.650058408,8.209471137,9.577064475,9.012488734,8.067986231,7.691535966,7.918440067,7.281616519,11.41998497,8.689071391,8.28313253,11.56737999,11.37242415,11.10151721
Colombia,CO,COL,CO2 emissions intensities,,Metric Tons of CO2 Emissions per $1million USD of output,"OECD (2021), OECD Inter-Country Input-Output Database, https://oe.cd/icio; OECD (2021), Trade in embodied CO₂ (TeCO2) Database, https://www.oecd.org/sti/ind/carbondioxideemissionsembodiedininternationaltrade.htm; Organisation for Economic Co-operation and Development (OECD). 2021. Input-Output Tables (IOTs) (https://oe.cd/i-o); Access Date: 04-03-2022",Other non-metallic mineral products,Units,1656.25482,1677.043955,1619.180697,1642.107613,1909.369527,1684.389332,1679.244023,1210.145863,1473.287241,1143.61431,1050.87102,798.0922099,634.4380691,664.449287,653.1564157,501.1044331,682.560178,359.8444017,455.2392758,437.3513643,507.8310885,603.8159886,558.1751598,555.0498246
Colombia,CO,COL,CO2 emissions intensities,,Metric Tons of CO2 Emissions per $1million USD of output,"OECD (2021), OECD Inter-Country Input-Output Database, https://oe.cd/icio; OECD (2021), Trade in embodied CO₂ (TeCO2) Database, https://www.oecd.org/sti/ind/carbondioxideemissionsembodiedininternationaltrade.htm; Organisation for Economic Co-operation and Development (OECD). 2021. Input-Output Tables (IOTs) (https://oe.cd/i-o); Access Date: 04-03-2022",Other service activities,Units,25.29786192,24.23691585,23.40469471,25.93745368,25.95380223,17.3900442,10.72577762,17.70036817,21.06577202,11.90103351,10.01853429,9.858839346,8.302487287,7.044734061,7.198560288,7.853776953,7.657130703,7.787555486,6.695813147,8.680876214,7.971977292,8.390296868,7.942451267,8.832970679
Colombia,CO,COL,CO2 emissions intensities,,Metric Tons of CO2 Emissions per $1million USD of output,"OECD (2021), OECD Inter-Country Input-Output Database, https://oe.cd/icio; OECD (2021), Trade in embodied CO₂ (TeCO2) Database, https://www.oecd.org/sti/ind/carbondioxideemissionsembodiedininternationaltrade.htm; Organisation for Economic Co-operation and Development (OECD). 2021. Input-Output Tables (IOTs) (https://oe.cd/i-o); Access Date: 04-03-2022",Other transport equipment,Units,122.3934723,104.5751634,108.1730769,74.36570429,61.76016469,3.993610224,3.00932892,3.190810466,3.572704537,6.954102921,7.150518413,6.08365019,7.61200522,4.531722054,1.893222264,2.81888654,3.423485108,4.385580212,9.105206523,6.35021432,6.266318538,10.42994553,9.2272203,9.837140671
Colombia,CO,COL,CO2 emissions intensities,,Metric Tons of CO2 Emissions per $1million USD of output,"OECD (2021), OECD Inter-Country Input-Output Database, https://oe.cd/icio; OECD (2021), Trade in embodied CO₂ (TeCO2) Database, https://www.oecd.org/sti/ind/carbondioxideemissionsembodiedininternationaltrade.htm; Organisation for Economic Co-operation and Development (OECD). 2021. Input-Output Tables (IOTs) (https://oe.cd/i-o); Access Date: 04-03-2022",Paper products and printing,Units,656.5176023,649.2615793,627.7329297,624.3114212,745.922005,715.4233026,728.4450834,1176.137054,575.2459509,453.1440453,391.8024663,297.0451821,263.8922458,262.8807598,272.3000665,172.9127878,218.9507403,145.2850005,237.9710523,205.3438892,244.1241397,242.2953104,245.9334533,244.976881
Colombia,CO,COL,CO2 emissions intensities,,Metric Tons of CO2 Emissions per $1million USD of output,"OECD (2021), OECD Inter-Country Input-Output Database, https://oe.cd/icio; OECD (2021), Trade in embodied CO₂ (TeCO2) Database, https://www.oecd.org/sti/ind/carbondioxideemissionsembodiedininternationaltrade.htm; Organisation for Economic Co-operation and Development (OECD). 2021. Input-Output Tables (IOTs) (https://oe.cd/i-o); Access Date: 04-03-2022","Pharmaceuticals, medicinal chemical and botanical products",Units,591.3798864,603.7251124,565.0162418,602.9016658,698.0273141,549.4505495,651.0019327,629.29884,705.7823129,564.650267,490.1105294,422.8549193,349.5063619,371.120108,341.2060549,272.9897629,262.2976039,231.7941904,126.0860352,128.7845323,93.54939721,86.50662252,68.79449644,69.4138387
Colombia,CO,COL,CO2 emissions intensities,,Metric Tons of CO2 Emissions per $1million USD of output,"OECD (2021), OECD Inter-Country Input-Output Database, https://oe.cd/icio; OECD (2021), Trade in embodied CO₂ (TeCO2) Database, https://www.oecd.org/sti/ind/carbondioxideemissionsembodiedininternationaltrade.htm; Organisation for Economic Co-operation and Development (OECD). 2021. Input-Output Tables (IOTs) (https://oe.cd/i-o); Access Date: 04-03-2022",Postal and courier activities,Units,437.8478664,410.128388,377.1728436,401.0025063,412.8053917,127.4926447,139.8373984,129.4498382,149.4962626,152.3909616,137.3795366,119.3975018,79.88587732,83.30177963,68.71868289,59.43889681,68.31038531,64.29913938,57.45967742,72.34650167,105.4102108,108.4236864,106.7168864,107.1511763
Colombia,CO,COL,CO2 emissions intensities,,Metric Tons of CO2 Emissions per $1million USD of output,"OECD (2021), OECD Inter-Country Input-Output Database, https://oe.cd/icio; OECD (2021), Trade in embodied CO₂ (TeCO2) Database, https://www.oecd.org/sti/ind/carbondioxideemissionsembodiedininternationaltrade.htm; Organisation for Economic Co-operation and Development (OECD). 2021. Input-Output Tables (IOTs) (https://oe.cd/i-o); Access Date: 04-03-2022","Professional, scientific and technical activities",Units,58.70979082,56.77097757,52.35765263,55.32820429,53.65815447,76.59411502,54.67935143,56.08851565,65.65577615,60.26733974,52.81048926,51.53995684,40.89189621,46.16384915,43.72715942,40.00362173,43.93444924,41.96610292,37.41219302,10.40304363,12.84521516,13.44490893,12.55262045,13.79605161
Colombia,CO,COL,CO2 emissions intensities,,Metric Tons of CO2 Emissions per $1million USD of output,"OECD (2021), OECD Inter-Country Input-Output Database, https://oe.cd/icio; OECD (2021), Trade in embodied CO₂ (TeCO2) Database, https://www.oecd.org/sti/ind/carbondioxideemissionsembodiedininternationaltrade.htm; Organisation for Economic Co-operation and Development (OECD). 2021. Input-Output Tables (IOTs) (https://oe.cd/i-o); Access Date: 04-03-2022",Public administration and defence; compulsory social security,Units,196.7167322,151.1662726,130.4645068,125.9615584,93.07148085,59.91311179,57.74113541,61.3801741,72.0996778,66.85672246,60.86852099,67.99116998,59.80620032,40.86983344,35.12008405,33.44427958,37.16683346,35.48170745,30.0616657,18.98387979,26.16802592,26.65079059,26.09386934,27.87876719
Colombia,CO,COL,CO2 emissions intensities,,Metric Tons of CO2 Emissions per $1million USD of output,"OECD (2021), OECD Inter-Country Input-Output Database, https://oe.cd/icio; OECD (2021), Trade in embodied CO₂ (TeCO2) Database, https://www.oecd.org/sti/ind/carbondioxideemissionsembodiedininternationaltrade.htm; Organisation for Economic Co-operation and Development (OECD). 2021. Input-Output Tables (IOTs) (https://oe.cd/i-o); Access Date: 04-03-2022","Publishing, audiovisual and broadcasting activities",Units,72.03065134,66.28369421,59.59637004,56.1963916,59.16130155,27.00148508,19.80933515,26.11895999,29.26115582,19.79218209,16.75424568,15.8719205,13.17523057,11.86127058,11.65933542,11.10025753,11.6747182,11.53960691,8.844665561,9.035621199,12.35358712,12.88532065,12.27897839,13.83692923
Colombia,CO,COL,CO2 emissions intensities,,Metric Tons of CO2 Emissions per $1million USD of output,"OECD (2021), OECD Inter-Country Input-Output Database, https://oe.cd/icio; OECD (2021), Trade in embodied CO₂ (TeCO2) Database, https://www.oecd.org/sti/ind/carbondioxideemissionsembodiedininternationaltrade.htm; Organisation for Economic Co-operation and Development (OECD). 2021. Input-Output Tables (IOTs) (https://oe.cd/i-o); Access Date: 04-03-2022",Real estate activities,Units,15.66074638,16.47508853,16.84231872,18.66720913,19.86173445,14.94224397,8.503878892,15.38576692,17.4725497,8.168612492,6.666370384,7.133046046,5.680163818,4.806366136,5.191744302,5.493116754,5.474407908,5.959954649,3.555622598,3.624442367,4.232959713,4.537482849,3.981060594,4.772408139
Colombia,CO,COL,CO2 emissions intensities,,Metric Tons of CO2 Emissions per $1million USD of output,"OECD (2021), OECD Inter-Country Input-Output Database, https://oe.cd/icio; OECD (2021), Trade in embodied CO₂ (TeCO2) Database, https://www.oecd.org/sti/ind/carbondioxideemissionsembodiedininternationaltrade.htm; Organisation for Economic Co-operation and Development (OECD). 2021. Input-Output Tables (IOTs) (https://oe.cd/i-o); Access Date: 04-03-2022",Rubber and plastics products,Units,195.5821445,205.1083591,196.2479028,208.1598668,211.6125661,132.2724508,101.3176283,153.281097,147.8995122,119.1638197,92.75647329,89.50991108,75.75572444,75.39029489,41.31184104,41.79618584,34.11703627,33.88894005,6.175698626,2.958196979,6.316834364,6.349504974,32.74196545,31.21325494
Colombia,CO,COL,CO2 emissions intensities,,Metric Tons of CO2 Emissions per $1million USD of output,"OECD (2021), OECD Inter-Country Input-Output Database, https://oe.cd/icio; OECD (2021), Trade in embodied CO₂ (TeCO2) Database, https://www.oecd.org/sti/ind/carbondioxideemissionsembodiedininternationaltrade.htm; Organisation for Economic Co-operation and Development (OECD). 2021. Input-Output Tables (IOTs) (https://oe.cd/i-o); Access Date: 04-03-2022",Telecommunications,Units,163.741604,137.1411572,109.6977158,109.6176822,113.5125637,45.54007254,43.75984597,49.39929498,58.36288416,53.56893002,47.83585074,41.53541661,27.38662823,29.03633855,22.26456295,19.01225932,20.89685734,20.52569848,16.00309641,8.142407907,10.28479533,11.15387321,10.12052627,11.22080633
Colombia,CO,COL,CO2 emissions intensities,,Metric Tons of CO2 Emissions per $1million USD of output,"OECD (2021), OECD Inter-Country Input-Output Database, https://oe.cd/icio; OECD (2021), Trade in embodied CO₂ (TeCO2) Database, https://www.oecd.org/sti/ind/carbondioxideemissionsembodiedininternationaltrade.htm; Organisation for Economic Co-operation and Development (OECD). 2021. Input-Output Tables (IOTs) (https://oe.cd/i-o); Access Date: 04-03-2022","Textiles, textile products, leather and footwear",Units,302.5322902,303.8864541,296.0189845,295.0570682,330.0833092,272.4417798,239.4473981,253.6231884,224.9743355,179.9575952,154.5257191,126.7955914,100.2746241,102.1648991,115.3155811,80.02869146,83.68310828,52.35998117,86.13945802,91.10236422,91.28841399,88.59143046,170.758226,174.3755782
Colombia,CO,COL,CO2 emissions intensities,,Metric Tons of CO2 Emissions per $1million USD of output,"OECD (2021), OECD Inter-Country Input-Output Database, https://oe.cd/icio; OECD (2021), Trade in embodied CO₂ (TeCO2) Database, https://www.oecd.org/sti/ind/carbondioxideemissionsembodiedininternationaltrade.htm; Organisation for Economic Co-operation and Development (OECD). 2021. Input-Output Tables (IOTs) (https://oe.cd/i-o); Access Date: 04-03-2022",Warehousing and support activities for transportation,Units,38.38771593,36.89236111,34.92316903,32.68329883,32.04717344,57.6884822,52.43371587,53.16007088,60.3124382,58.34865319,52.40501591,61.14918292,40.14272971,47.14724974,44.12354593,42.44960964,47.23201228,45.09771171,39.29234679,29.99315945,37.81268179,39.25628748,35.68879372,37.46386734
Colombia,CO,COL,CO2 emissions intensities,,Metric Tons of CO2 Emissions per $1million USD of output,"OECD (2021), OECD Inter-Country Input-Output Database, https://oe.cd/icio; OECD (2021), Trade in embodied CO₂ (TeCO2) Database, https://www.oecd.org/sti/ind/carbondioxideemissionsembodiedininternationaltrade.htm; Organisation for Economic Co-operation and Development (OECD). 2021. Input-Output Tables (IOTs) (https://oe.cd/i-o); Access Date: 04-03-2022","Water supply; sewerage, waste management and remediation activities",Units,25.5565652,24.01615632,23.08889224,24.66023674,24.50190212,53.53479762,48.72695347,50.84961227,63.1757473,58.40273698,55.02567865,44.85776805,33.37888394,24.06935237,20.37567654,18.0293879,18.39301397,17.26787383,14.17313024,23.16426949,31.39687187,35.28864847,34.74938597,36.13127697
Colombia,CO,COL,CO2 emissions intensities,,Metric Tons of CO2 Emissions per $1million USD of output,"OECD (2021), OECD Inter-Country Input-Output Database, https://oe.cd/icio; OECD (2021), Trade in embodied CO₂ (TeCO2) Database, https://www.oecd.org/sti/ind/carbondioxideemissionsembodiedininternationaltrade.htm; Organisation for Economic Co-operation and Development (OECD). 2021. Input-Output Tables (IOTs) (https://oe.cd/i-o); Access Date: 04-03-2022",Water transport,Units,7080.366226,6849.315068,6645.683453,6905.697446,7063.583815,7210.762332,8867.082962,6690.328305,8244.206774,7658.501441,6586.051744,7184.363444,5787.000783,4680.050188,5422.021535,5368.186165,6301.275422,7720.879913,2274.143302,1059.360731,1664.050235,1788.187373,1589.477584,1236.673774
Colombia,CO,COL,CO2 emissions intensities,,Metric Tons of CO2 Emissions per $1million USD of output,"OECD (2021), OECD Inter-Country Input-Output Database, https://oe.cd/icio; OECD (2021), Trade in embodied CO₂ (TeCO2) Database, https://www.oecd.org/sti/ind/carbondioxideemissionsembodiedininternationaltrade.htm; Organisation for Economic Co-operation and Development (OECD). 2021. Input-Output Tables (IOTs) (https://oe.cd/i-o); Access Date: 04-03-2022",Wholesale and retail trade; repair of motor vehicles,Units,46.30961284,46.096644,43.72445964,40.52319328,41.14823161,42.82492461,41.07209014,41.64329872,50.52298662,45.55179028,36.61904996,40.14362947,28.10761385,30.35855226,27.38950929,25.2569036,29.67492671,29.43326858,26.13913393,23.16773203,34.28199334,34.16110758,32.6654022,35.10447761
Colombia,CO,COL,CO2 emissions intensities,,Metric Tons of CO2 Emissions per $1million USD of output,"OECD (2021), OECD Inter-Country Input-Output Database, https://oe.cd/icio; OECD (2021), Trade in embodied CO₂ (TeCO2) Database, https://www.oecd.org/sti/ind/carbondioxideemissionsembodiedininternationaltrade.htm; Organisation for Economic Co-operation and Development (OECD). 2021. Input-Output Tables (IOTs) (https://oe.cd/i-o); Access Date: 04-03-2022",Wood and products of wood and cork,Units,901.8830525,931.1740891,928.6027157,903.8737446,767.9324895,344.9028596,171.0766423,409.2294297,206.8505338,130.5569327,130.0424628,100.8662632,77.15080291,93.4345541,80.37825059,78.06660576,77.23250201,69.23764145,25.26941657,29.390681,32.34501348,21.91310976,24.19504932,26.56434475
Colombia,CO,COL,CO2 emissions multipliers,ECNCEO,Metric Tons of CO2 Emissions per $1million USD of output,"OECD (2021), OECD Inter-Country Input-Output Database, https://oe.cd/icio; OECD (2021), Trade in embodied CO₂ (TeCO2) Database, https://www.oecd.org/sti/ind/carbondioxideemissionsembodiedininternationaltrade.htm; Organisation for Economic Co-operation and Development (OECD). 2021. Input-Output Tables (IOTs) (https://oe.cd/i-o); Access Date: 04-03-2022",Accomodation and food services,Units,260.2744528,232.4807508,250.8794063,260.0379549,226.5722214,207.3085643,193.4346898,191.2211197,202.4965412,152.1005479,126.847061,118.9436845,93.98772376,81.9111086,96.5044739,86.78525207,75.51406362,71.31541318,71.9831752,62.50520065,79.01739552,84.56347004,70.97519232,72.24015145
Colombia,CO,COL,CO2 emissions multipliers,ECNCEO,Metric Tons of CO2 Emissions per $1million USD of output,"OECD (2021), OECD Inter-Country Input-Output Database, https://oe.cd/icio; OECD (2021), Trade in embodied CO₂ (TeCO2) Database, https://www.oecd.org/sti/ind/carbondioxideemissionsembodiedininternationaltrade.htm; Organisation for Economic Co-operation and Development (OECD). 2021. Input-Output Tables (IOTs) (https://oe.cd/i-o); Access Date: 04-03-2022",Activities of households as employers; undifferentiated goods- and services-producing activities of households for own use,Units,0.0,0.0,0.0,0.0,0.0,0.0,0.0,0.0,0.0,0.0,0.0,0.0,0.0,0.0,0.0,0.0,0.0,0.0,0.0,0.0,0.0,0.0,0.0,0.0
Colombia,CO,COL,CO2 emissions multipliers,ECNCEO,Metric Tons of CO2 Emissions per $1million USD of output,"OECD (2021), OECD Inter-Country Input-Output Database, https://oe.cd/icio; OECD (2021), Trade in embodied CO₂ (TeCO2) Database, https://www.oecd.org/sti/ind/carbondioxideemissionsembodiedininternationaltrade.htm; Organisation for Economic Co-operation and Development (OECD). 2021. Input-Output Tables (IOTs) (https://oe.cd/i-o); Access Date: 04-03-2022",Administrative and support services,Units,60.53478941,55.92370558,50.61934727,53.4951049,53.31531282,124.2446957,107.7773075,114.2812538,116.1917891,93.88270202,80.41960824,78.75982362,63.03062325,64.5065281,65.08276684,57.59225861,57.29891027,53.22783337,52.0902244,30.02112615,39.71952578,41.13139354,34.59826559,36.31286668
Colombia,CO,COL,CO2 emissions multipliers,ECNCEO,Metric Tons of CO2 Emissions per $1million USD of output,"OECD (2021), OECD Inter-Country Input-Output Database, https://oe.cd/icio; OECD (2021), Trade in embodied CO₂ (TeCO2) Database, https://www.oecd.org/sti/ind/carbondioxideemissionsembodiedininternationaltrade.htm; Organisation for Economic Co-operation and Development (OECD). 2021. Input-Output Tables (IOTs) (https://oe.cd/i-o); Access Date: 04-03-2022","Agriculture, hunting, forestry",Units,214.6788127,234.1036133,227.1301653,220.0189423,219.0146258,278.4292076,276.8943518,264.4455056,285.1566439,227.2362046,185.040736,178.8773915,149.0754973,140.9462826,189.0913592,166.1515125,169.8406624,172.66597,73.40863017,103.5133084,128.0004772,126.8382916,106.9601986,111.8803659
Colombia,CO,COL,CO2 emissions multipliers,ECNCEO,Metric Tons of CO2 Emissions per $1million USD of output,"OECD (2021), OECD Inter-Country Input-Output Database, https://oe.cd/icio; OECD (2021), Trade in embodied CO₂ (TeCO2) Database, https://www.oecd.org/sti/ind/carbondioxideemissionsembodiedininternationaltrade.htm; Organisation for Economic Co-operation and Development (OECD). 2021. Input-Output Tables (IOTs) (https://oe.cd/i-o); Access Date: 04-03-2022",Air transport,Units,1872.498108,1807.6704,1821.337249,1970.157629,2187.888387,1741.81928,1661.531906,1641.013339,1576.04353,1510.001026,1203.633889,1058.142216,771.9517744,749.0857175,772.5559667,690.2640147,610.9943321,560.2106514,590.9238589,864.3942083,1160.496473,1303.279935,1256.705634,1188.308361
Colombia,CO,COL,CO2 emissions multipliers,ECNCEO,Metric Tons of CO2 Emissions per $1million USD of output,"OECD (2021), OECD Inter-Country Input-Output Database, https://oe.cd/icio; OECD (2021), Trade in embodied CO₂ (TeCO2) Database, https://www.oecd.org/sti/ind/carbondioxideemissionsembodiedininternationaltrade.htm; Organisation for Economic Co-operation and Development (OECD). 2021. Input-Output Tables (IOTs) (https://oe.cd/i-o); Access Date: 04-03-2022","Arts, entertainment and recreation",Units,189.6024778,134.9027839,122.0378162,111.6254518,101.0939596,172.6085798,151.788952,158.1410119,142.5025706,101.6722789,83.16935697,78.85384807,62.89372623,55.21825551,61.55190808,52.71831944,44.04763348,41.14756204,41.97150716,39.29923583,51.83227624,55.02696819,43.32422599,46.09928946
Colombia,CO,COL,CO2 emissions multipliers,ECNCEO,Metric Tons of CO2 Emissions per $1million USD of output,"OECD (2021), OECD Inter-Country Input-Output Database, https://oe.cd/icio; OECD (2021), Trade in embodied CO₂ (TeCO2) Database, https://www.oecd.org/sti/ind/carbondioxideemissionsembodiedininternationaltrade.htm; Organisation for Economic Co-operation and Development (OECD). 2021. Input-Output Tables (IOTs) (https://oe.cd/i-o); Access Date: 04-03-2022",Basic metals,Units,4687.061128,3865.69767,3619.014938,3781.797724,3561.287465,2713.320085,2802.859255,2555.19638,2410.816641,1660.648629,1347.343801,1060.16142,942.8626668,703.624645,960.5440341,837.7019088,724.9659015,699.2704877,896.0521122,806.5594361,914.5349842,1025.932264,1089.67733,1064.306139
Colombia,CO,COL,CO2 emissions multipliers,ECNCEO,Metric Tons of CO2 Emissions per $1million USD of output,"OECD (2021), OECD Inter-Country Input-Output Database, https://oe.cd/icio; OECD (2021), Trade in embodied CO₂ (TeCO2) Database, https://www.oecd.org/sti/ind/carbondioxideemissionsembodiedininternationaltrade.htm; Organisation for Economic Co-operation and Development (OECD). 2021. Input-Output Tables (IOTs) (https://oe.cd/i-o); Access Date: 04-03-2022",Chemicals and pharmaceutical products,Units,953.4635164,943.5152421,913.9181439,958.5237065,1028.353916,924.7650455,1020.694286,997.4053805,1063.455088,835.844872,715.3829458,621.6096061,516.7627962,520.0497756,515.7101141,428.1392205,391.8364016,356.0758086,263.4739594,264.6695081,255.4456104,261.5773023,210.4197171,212.8889618
Colombia,CO,COL,CO2 emissions multipliers,ECNCEO,Metric Tons of CO2 Emissions per $1million USD of output,"OECD (2021), OECD Inter-Country Input-Output Database, https://oe.cd/icio; OECD (2021), Trade in embodied CO₂ (TeCO2) Database, https://www.oecd.org/sti/ind/carbondioxideemissionsembodiedininternationaltrade.htm; Organisation for Economic Co-operation and Development (OECD). 2021. Input-Output Tables (IOTs) (https://oe.cd/i-o); Access Date: 04-03-2022",Coke and refined petroleum products,Units,1153.751935,1218.670434,1047.672405,1254.224426,1252.796784,1128.066283,1183.624346,1134.980111,1004.593008,792.2694845,573.0670675,490.603578,393.271748,308.9184812,403.4498964,296.3885979,232.6975097,230.1585347,533.4125901,738.0263435,959.1737373,1087.083609,766.3424328,655.9794544
Colombia,CO,COL,CO2 emissions multipliers,ECNCEO,Metric Tons of CO2 Emissions per $1million USD of output,"OECD (2021), OECD Inter-Country Input-Output Database, https://oe.cd/icio; OECD (2021), Trade in embodied CO₂ (TeCO2) Database, https://www.oecd.org/sti/ind/carbondioxideemissionsembodiedininternationaltrade.htm; Organisation for Economic Co-operation and Development (OECD). 2021. Input-Output Tables (IOTs) (https://oe.cd/i-o); Access Date: 04-03-2022","Computer, electronic and optical products",Units,956.1201366,785.9295751,870.7617987,804.9950273,655.768576,742.5157199,752.7488582,851.978996,510.0030915,367.3111027,297.5751774,240.7457562,197.2177483,162.8819174,185.4465548,188.7734786,143.957229,167.9686804,169.7438836,180.5924066,245.3198501,266.4369235,175.2880022,166.9793434
Colombia,CO,COL,CO2 emissions multipliers,ECNCEO,Metric Tons of CO2 Emissions per $1million USD of output,"OECD (2021), OECD Inter-Country Input-Output Database, https://oe.cd/icio; OECD (2021), Trade in embodied CO₂ (TeCO2) Database, https://www.oecd.org/sti/ind/carbondioxideemissionsembodiedininternationaltrade.htm; Organisation for Economic Co-operation and Development (OECD). 2021. Input-Output Tables (IOTs) (https://oe.cd/i-o); Access Date: 04-03-2022",Construction,Units,506.2117357,515.5618916,527.7981593,559.8261964,665.9076112,762.0464817,761.4788272,628.4643072,631.2674806,469.8056827,401.084277,325.1307966,267.5065212,226.8657566,251.2509504,206.8151888,204.9328615,156.2001899,177.1742447,191.4771335,240.3023925,255.2547752,227.8045762,226.9718399
Colombia,CO,COL,CO2 emissions multipliers,ECNCEO,Metric Tons of CO2 Emissions per $1million USD of output,"OECD (2021), OECD Inter-Country Input-Output Database, https://oe.cd/icio; OECD (2021), Trade in embodied CO₂ (TeCO2) Database, https://www.oecd.org/sti/ind/carbondioxideemissionsembodiedininternationaltrade.htm; Organisation for Economic Co-operation and Development (OECD). 2021. Input-Output Tables (IOTs) (https://oe.cd/i-o); Access Date: 04-03-2022",Education,Units,138.7391899,87.00834452,80.0558958,69.90676438,52.7743423,129.6574037,119.346016,127.0338169,128.6522199,94.73451228,79.19870653,78.39996439,65.96469136,51.38935713,50.67281262,42.93164222,34.61720984,31.19497898,33.26168437,34.78148181,45.86869137,49.5368603,38.38591206,41.03527192
Colombia,CO,COL,CO2 emissions multipliers,ECNCEO,Metric Tons of CO2 Emissions per $1million USD of output,"OECD (2021), OECD Inter-Country Input-Output Database, https://oe.cd/icio; OECD (2021), Trade in embodied CO₂ (TeCO2) Database, https://www.oecd.org/sti/ind/carbondioxideemissionsembodiedininternationaltrade.htm; Organisation for Economic Co-operation and Development (OECD). 2021. Input-Output Tables (IOTs) (https://oe.cd/i-o); Access Date: 04-03-2022",Electrical equipment,Units,1010.827923,844.8842257,864.1673125,764.2285275,633.0214642,767.5338479,789.9609259,917.8357592,615.8279689,419.8136973,327.229436,264.1286083,214.6463142,176.3889104,209.2596338,207.4878111,166.5974427,182.7014393,191.3095227,210.8816737,243.3387659,274.3655347,236.7007462,220.1939709
Colombia,CO,COL,CO2 emissions multipliers,ECNCEO,Metric Tons of CO2 Emissions per $1million USD of output,"OECD (2021), OECD Inter-Country Input-Output Database, https://oe.cd/icio; OECD (2021), Trade in embodied CO₂ (TeCO2) Database, https://www.oecd.org/sti/ind/carbondioxideemissionsembodiedininternationaltrade.htm; Organisation for Economic Co-operation and Development (OECD). 2021. Input-Output Tables (IOTs) (https://oe.cd/i-o); Access Date: 04-03-2022","Electricity, gas, steam and air conditioning supply",Units,2688.986155,1814.075892,2469.61893,2824.445323,1885.293139,2385.063161,2323.386421,2255.578929,2220.491351,1454.31629,1316.275912,1266.574387,1023.087497,739.6771669,1280.891899,1171.416532,639.7620245,683.0972374,1021.349799,1057.30481,1474.730359,1433.121648,767.7704692,860.923512
Colombia,CO,COL,CO2 emissions multipliers,ECNCEO,Metric Tons of CO2 Emissions per $1million USD of output,"OECD (2021), OECD Inter-Country Input-Output Database, https://oe.cd/icio; OECD (2021), Trade in embodied CO₂ (TeCO2) Database, https://www.oecd.org/sti/ind/carbondioxideemissionsembodiedininternationaltrade.htm; Organisation for Economic Co-operation and Development (OECD). 2021. Input-Output Tables (IOTs) (https://oe.cd/i-o); Access Date: 04-03-2022",Fabricated metal products,Units,1112.553787,926.7232859,1024.630233,982.5743209,814.6840041,879.3516033,923.0011806,1014.917742,704.3637022,484.4819553,372.1152905,304.1547101,252.1553335,188.6318705,249.7564764,243.1602767,155.4010307,175.6076144,206.1139986,213.0707878,239.0348736,286.8275256,276.3449585,276.2454238
Colombia,CO,COL,CO2 emissions multipliers,ECNCEO,Metric Tons of CO2 Emissions per $1million USD of output,"OECD (2021), OECD Inter-Country Input-Output Database, https://oe.cd/icio; OECD (2021), Trade in embodied CO₂ (TeCO2) Database, https://www.oecd.org/sti/ind/carbondioxideemissionsembodiedininternationaltrade.htm; Organisation for Economic Co-operation and Development (OECD). 2021. Input-Output Tables (IOTs) (https://oe.cd/i-o); Access Date: 04-03-2022",Financial and insurance activities,Units,124.224111,85.78291765,68.24245869,81.89716789,113.502941,187.4221825,161.7192184,175.855271,156.165374,111.1688631,88.64694542,90.94455612,72.39333366,56.48826562,72.1692743,63.05754963,43.5119204,41.76057273,48.9889233,33.26563663,42.62531815,52.88053972,38.69474084,41.70080391
Colombia,CO,COL,CO2 emissions multipliers,ECNCEO,Metric Tons of CO2 Emissions per $1million USD of output,"OECD (2021), OECD Inter-Country Input-Output Database, https://oe.cd/icio; OECD (2021), Trade in embodied CO₂ (TeCO2) Database, https://www.oecd.org/sti/ind/carbondioxideemissionsembodiedininternationaltrade.htm; Organisation for Economic Co-operation and Development (OECD). 2021. Input-Output Tables (IOTs) (https://oe.cd/i-o); Access Date: 04-03-2022",Fishing and aquaculture,Units,87.29455062,96.20802138,95.96406388,80.37047179,74.8532867,184.6919419,183.2835058,171.8323567,184.4113814,154.2085798,136.27939,125.2662831,101.6168025,87.36495267,95.5802086,87.02059194,85.09356418,80.65479942,74.77514563,93.22968299,115.1252368,113.5377568,87.09051492,91.6505224
Colombia,CO,COL,CO2 emissions multipliers,ECNCEO,Metric Tons of CO2 Emissions per $1million USD of output,"OECD (2021), OECD Inter-Country Input-Output Database, https://oe.cd/icio; OECD (2021), Trade in embodied CO₂ (TeCO2) Database, https://www.oecd.org/sti/ind/carbondioxideemissionsembodiedininternationaltrade.htm; Organisation for Economic Co-operation and Development (OECD). 2021. Input-Output Tables (IOTs) (https://oe.cd/i-o); Access Date: 04-03-2022","Food products, beverages and tobacco",Units,470.5783093,438.9200347,450.5683501,460.9507882,427.9091492,338.3973197,320.9521089,303.3383574,324.5193825,264.8864888,214.0675904,200.8045928,165.8239376,150.1857487,166.7058898,155.2518214,143.5786885,132.0591937,153.2633694,150.3272272,185.8892745,194.4262483,174.5952227,177.9111521
Colombia,CO,COL,CO2 emissions multipliers,ECNCEO,Metric Tons of CO2 Emissions per $1million USD of output,"OECD (2021), OECD Inter-Country Input-Output Database, https://oe.cd/icio; OECD (2021), Trade in embodied CO₂ (TeCO2) Database, https://www.oecd.org/sti/ind/carbondioxideemissionsembodiedininternationaltrade.htm; Organisation for Economic Co-operation and Development (OECD). 2021. Input-Output Tables (IOTs) (https://oe.cd/i-o); Access Date: 04-03-2022",Human health and social work activities,Units,225.1548101,175.5020349,168.8780697,168.5905617,133.4898958,208.5163965,211.5111718,213.854936,221.3633022,162.1945539,133.6629283,121.305829,96.08317569,86.50823846,103.422516,91.28592356,69.61507858,63.98274399,67.02546686,41.73267327,51.48420202,56.2430999,45.84571244,47.31347798
Colombia,CO,COL,CO2 emissions multipliers,ECNCEO,Metric Tons of CO2 Emissions per $1million USD of output,"OECD (2021), OECD Inter-Country Input-Output Database, https://oe.cd/icio; OECD (2021), Trade in embodied CO₂ (TeCO2) Database, https://www.oecd.org/sti/ind/carbondioxideemissionsembodiedininternationaltrade.htm; Organisation for Economic Co-operation and Development (OECD). 2021. Input-Output Tables (IOTs) (https://oe.cd/i-o); Access Date: 04-03-2022",IT and other information services,Units,114.4717258,84.52677635,66.26274063,61.09874951,63.1502391,147.8228295,129.6584998,145.0271067,129.4837582,106.1061819,85.7621693,79.0097068,61.77583851,61.13134964,62.70803287,56.05549607,54.87431483,51.76990143,51.29011241,30.98230695,40.89087025,42.8337368,37.13961149,35.99012217
Colombia,CO,COL,CO2 emissions multipliers,ECNCEO,Metric Tons of CO2 Emissions per $1million USD of output,"OECD (2021), OECD Inter-Country Input-Output Database, https://oe.cd/icio; OECD (2021), Trade in embodied CO₂ (TeCO2) Database, https://www.oecd.org/sti/ind/carbondioxideemissionsembodiedininternationaltrade.htm; Organisation for Economic Co-operation and Development (OECD). 2021. Input-Output Tables (IOTs) (https://oe.cd/i-o); Access Date: 04-03-2022",Land transport and transport via pipelines,Units,959.3006592,928.7917579,833.4771642,735.1713209,716.4673087,1286.319532,1255.38724,1053.240817,1025.859553,942.59552,709.4904757,690.1301633,541.5668145,485.9649811,458.7831286,407.4103998,416.8260303,407.4248905,455.0763763,438.839565,558.4648772,649.2439227,582.7459961,549.5139346
Colombia,CO,COL,CO2 emissions multipliers,ECNCEO,Metric Tons of CO2 Emissions per $1million USD of output,"OECD (2021), OECD Inter-Country Input-Output Database, https://oe.cd/icio; OECD (2021), Trade in embodied CO₂ (TeCO2) Database, https://www.oecd.org/sti/ind/carbondioxideemissionsembodiedininternationaltrade.htm; Organisation for Economic Co-operation and Development (OECD). 2021. Input-Output Tables (IOTs) (https://oe.cd/i-o); Access Date: 04-03-2022",Machinery and equipment n.e.c.,Units,885.9767449,738.7166119,845.0163208,799.5526696,688.5311292,858.1891628,878.1826461,917.5365919,580.4890512,420.550672,331.0839977,276.4484568,229.6393975,167.7475403,220.3751921,237.0631453,164.853764,169.4341275,169.9269136,153.8394308,184.8419607,198.490135,170.0832768,181.6643179
Colombia,CO,COL,CO2 emissions multipliers,ECNCEO,Metric Tons of CO2 Emissions per $1million USD of output,"OECD (2021), OECD Inter-Country Input-Output Database, https://oe.cd/icio; OECD (2021), Trade in embodied CO₂ (TeCO2) Database, https://www.oecd.org/sti/ind/carbondioxideemissionsembodiedininternationaltrade.htm; Organisation for Economic Co-operation and Development (OECD). 2021. Input-Output Tables (IOTs) (https://oe.cd/i-o); Access Date: 04-03-2022",Manufacturing nec; repair and installation of machinery and equipment,Units,352.5219383,339.5056559,334.9310088,320.6263902,282.9802552,328.5096172,308.4814207,364.2418616,367.006045,295.6303389,242.6029533,212.0004766,172.1593918,167.7600337,157.839279,148.8996477,139.5469521,127.1172299,113.7544714,112.5356208,142.8116816,159.1614607,169.9465439,165.0982127
Colombia,CO,COL,CO2 emissions multipliers,ECNCEO,Metric Tons of CO2 Emissions per $1million USD of output,"OECD (2021), OECD Inter-Country Input-Output Database, https://oe.cd/icio; OECD (2021), Trade in embodied CO₂ (TeCO2) Database, https://www.oecd.org/sti/ind/carbondioxideemissionsembodiedininternationaltrade.htm; Organisation for Economic Co-operation and Development (OECD). 2021. Input-Output Tables (IOTs) (https://oe.cd/i-o); Access Date: 04-03-2022","Mining and quarrying, energy producing products",Units,491.4936018,598.2881144,609.2550793,910.2075071,874.6066157,844.2789659,1003.964816,943.3857711,794.2262034,654.7077886,466.5309508,356.1553258,315.8426399,198.9885344,297.1390811,215.0536044,151.2642697,151.077286,136.9311274,232.4915061,446.4799845,590.8731839,434.791207,382.8121478
Colombia,CO,COL,CO2 emissions multipliers,ECNCEO,Metric Tons of CO2 Emissions per $1million USD of output,"OECD (2021), OECD Inter-Country Input-Output Database, https://oe.cd/icio; OECD (2021), Trade in embodied CO₂ (TeCO2) Database, https://www.oecd.org/sti/ind/carbondioxideemissionsembodiedininternationaltrade.htm; Organisation for Economic Co-operation and Development (OECD). 2021. Input-Output Tables (IOTs) (https://oe.cd/i-o); Access Date: 04-03-2022","Mining and quarrying, non-energy producing products",Units,266.4093059,216.4347499,255.6468499,274.3141568,112.4586914,304.852554,366.6130759,360.4841108,332.0489443,255.0023425,213.8686071,164.0963784,127.3407203,145.347987,173.6844125,125.7219261,96.54046422,123.8575599,364.0343263,364.4518615,331.7414076,543.1072518,692.9777787,842.4429153
Colombia,CO,COL,CO2 emissions multipliers,ECNCEO,Metric Tons of CO2 Emissions per $1million USD of output,"OECD (2021), OECD Inter-Country Input-Output Database, https://oe.cd/icio; OECD (2021), Trade in embodied CO₂ (TeCO2) Database, https://www.oecd.org/sti/ind/carbondioxideemissionsembodiedininternationaltrade.htm; Organisation for Economic Co-operation and Development (OECD). 2021. Input-Output Tables (IOTs) (https://oe.cd/i-o); Access Date: 04-03-2022",Mining support service activities,Units,196.8495778,170.9789836,178.0621336,187.3917929,108.6476307,225.356706,235.5224379,233.2858031,210.9357897,159.7566925,128.9226278,110.5101106,88.32206365,67.37303966,78.75751501,65.01463404,46.95654271,71.67596758,283.0976829,307.0656427,249.3980283,460.4394042,627.3993379,765.2332316
Colombia,CO,COL,CO2 emissions multipliers,ECNCEO,Metric Tons of CO2 Emissions per $1million USD of output,"OECD (2021), OECD Inter-Country Input-Output Database, https://oe.cd/icio; OECD (2021), Trade in embodied CO₂ (TeCO2) Database, https://www.oecd.org/sti/ind/carbondioxideemissionsembodiedininternationaltrade.htm; Organisation for Economic Co-operation and Development (OECD). 2021. Input-Output Tables (IOTs) (https://oe.cd/i-o); Access Date: 04-03-2022","Motor vehicles, trailers and semi-trailers",Units,456.3501282,401.3076137,408.4963491,372.3569371,321.3769139,173.3299574,163.8875375,143.4083001,132.6609459,108.343459,93.20444185,77.72627301,73.86466598,57.65260302,66.71730775,59.72048595,51.22931391,45.35141546,53.98199311,66.06458346,78.59391137,84.66301891,77.31349652,75.66273612
Colombia,CO,COL,CO2 emissions multipliers,ECNCEO,Metric Tons of CO2 Emissions per $1million USD of output,"OECD (2021), OECD Inter-Country Input-Output Database, https://oe.cd/icio; OECD (2021), Trade in embodied CO₂ (TeCO2) Database, https://www.oecd.org/sti/ind/carbondioxideemissionsembodiedininternationaltrade.htm; Organisation for Economic Co-operation and Development (OECD). 2021. Input-Output Tables (IOTs) (https://oe.cd/i-o); Access Date: 04-03-2022",Other non-metallic mineral products,Units,2201.09591,2158.874871,2153.829336,2179.750329,2361.636399,2343.313884,2316.075731,1784.827631,2013.844758,1562.819686,1374.328009,1080.972882,863.4496523,861.6391083,893.5990571,697.8480864,849.9220544,499.2971065,641.7830929,657.2178988,779.7281277,907.9731051,804.3684021,797.7550855
Colombia,CO,COL,CO2 emissions multipliers,ECNCEO,Metric Tons of CO2 Emissions per $1million USD of output,"OECD (2021), OECD Inter-Country Input-Output Database, https://oe.cd/icio; OECD (2021), Trade in embodied CO₂ (TeCO2) Database, https://www.oecd.org/sti/ind/carbondioxideemissionsembodiedininternationaltrade.htm; Organisation for Economic Co-operation and Development (OECD). 2021. Input-Output Tables (IOTs) (https://oe.cd/i-o); Access Date: 04-03-2022",Other service activities,Units,227.2758531,179.3977013,169.4141704,164.2082219,148.6575511,212.0634,187.2817091,193.5685052,179.8571892,133.8545525,112.0104164,102.858346,82.90775233,71.53582718,82.77230994,71.59536217,60.67155628,56.53670786,54.82616357,56.13505397,67.89561435,76.17351011,62.21055592,64.10607668
Colombia,CO,COL,CO2 emissions multipliers,ECNCEO,Metric Tons of CO2 Emissions per $1million USD of output,"OECD (2021), OECD Inter-Country Input-Output Database, https://oe.cd/icio; OECD (2021), Trade in embodied CO₂ (TeCO2) Database, https://www.oecd.org/sti/ind/carbondioxideemissionsembodiedininternationaltrade.htm; Organisation for Economic Co-operation and Development (OECD). 2021. Input-Output Tables (IOTs) (https://oe.cd/i-o); Access Date: 04-03-2022",Other transport equipment,Units,402.8608671,360.108704,387.0267315,319.484913,276.3363013,139.8929434,107.4582105,101.3871927,97.94551256,104.1707848,87.78915944,77.34945983,78.01501442,49.83154458,41.76956402,42.8733772,37.79609757,43.39037755,45.35043769,52.15441654,68.11941551,91.52856992,78.93873053,75.27034249
Colombia,CO,COL,CO2 emissions multipliers,ECNCEO,Metric Tons of CO2 Emissions per $1million USD of output,"OECD (2021), OECD Inter-Country Input-Output Database, https://oe.cd/icio; OECD (2021), Trade in embodied CO₂ (TeCO2) Database, https://www.oecd.org/sti/ind/carbondioxideemissionsembodiedininternationaltrade.htm; Organisation for Economic Co-operation and Development (OECD). 2021. Input-Output Tables (IOTs) (https://oe.cd/i-o); Access Date: 04-03-2022",Paper products and printing,Units,999.0574539,970.9115607,958.0641713,959.2991674,1058.439424,1140.920778,1140.24942,1677.717712,946.7680387,739.5733556,627.37593,498.3449453,426.7289893,406.2356145,451.2158078,335.393504,349.3019321,265.0476257,393.7835619,372.7932954,461.4340349,487.4854147,438.629952,445.5668483
Colombia,CO,COL,CO2 emissions multipliers,ECNCEO,Metric Tons of CO2 Emissions per $1million USD of output,"OECD (2021), OECD Inter-Country Input-Output Database, https://oe.cd/icio; OECD (2021), Trade in embodied CO₂ (TeCO2) Database, https://www.oecd.org/sti/ind/carbondioxideemissionsembodiedininternationaltrade.htm; Organisation for Economic Co-operation and Development (OECD). 2021. Input-Output Tables (IOTs) (https://oe.cd/i-o); Access Date: 04-03-2022","Pharmaceuticals, medicinal chemical and botanical products",Units,849.5477727,845.9797852,810.709628,842.7937379,918.6549807,808.4257431,909.4691133,887.4805392,955.1756822,758.9172812,644.4642186,561.1712371,463.934343,475.9164966,445.7165306,361.1447639,339.9785663,303.2076654,197.3759851,208.4428721,193.2448831,181.6239968,147.4158249,148.9451862
Colombia,CO,COL,CO2 emissions multipliers,ECNCEO,Metric Tons of CO2 Emissions per $1million USD of output,"OECD (2021), OECD Inter-Country Input-Output Database, https://oe.cd/icio; OECD (2021), Trade in embodied CO₂ (TeCO2) Database, https://www.oecd.org/sti/ind/carbondioxideemissionsembodiedininternationaltrade.htm; Organisation for Economic Co-operation and Development (OECD). 2021. Input-Output Tables (IOTs) (https://oe.cd/i-o); Access Date: 04-03-2022",Postal and courier activities,Units,769.2730439,697.4744315,678.0953334,707.5828784,683.143515,418.3811961,409.6862726,428.2689902,396.115467,353.7987893,304.5968138,275.8094431,205.7867188,190.0159254,203.464836,176.4343974,159.0874032,149.4046804,164.2649821,158.4903965,227.3072888,233.4851528,212.3422758,212.4374334
Colombia,CO,COL,CO2 emissions multipliers,ECNCEO,Metric Tons of CO2 Emissions per $1million USD of output,"OECD (2021), OECD Inter-Country Input-Output Database, https://oe.cd/icio; OECD (2021), Trade in embodied CO₂ (TeCO2) Database, https://www.oecd.org/sti/ind/carbondioxideemissionsembodiedininternationaltrade.htm; Organisation for Economic Co-operation and Development (OECD). 2021. Input-Output Tables (IOTs) (https://oe.cd/i-o); Access Date: 04-03-2022","Professional, scientific and technical activities",Units,116.2633533,112.5404056,106.1237702,105.838074,98.12068661,207.8247643,172.052966,173.5098655,176.2541386,149.163986,127.5947897,121.8012941,92.9881963,94.44522692,101.0641998,89.78164089,83.86316554,79.08211114,86.06368567,42.31811125,52.7638053,54.93444118,45.58202429,47.32135349
Colombia,CO,COL,CO2 emissions multipliers,ECNCEO,Metric Tons of CO2 Emissions per $1million USD of output,"OECD (2021), OECD Inter-Country Input-Output Database, https://oe.cd/icio; OECD (2021), Trade in embodied CO₂ (TeCO2) Database, https://www.oecd.org/sti/ind/carbondioxideemissionsembodiedininternationaltrade.htm; Organisation for Economic Co-operation and Development (OECD). 2021. Input-Output Tables (IOTs) (https://oe.cd/i-o); Access Date: 04-03-2022",Public administration and defence; compulsory social security,Units,391.576099,295.7560062,270.53398,257.0601122,181.8838569,255.0641387,253.8044635,243.3522951,251.1321222,205.4163086,179.305794,184.5758903,154.5103893,112.973429,126.2635904,114.9929559,97.49097351,95.88355314,109.8971047,74.03609496,100.4805962,102.7584101,86.07790575,90.26075856
Colombia,CO,COL,CO2 emissions multipliers,ECNCEO,Metric Tons of CO2 Emissions per $1million USD of output,"OECD (2021), OECD Inter-Country Input-Output Database, https://oe.cd/icio; OECD (2021), Trade in embodied CO₂ (TeCO2) Database, https://www.oecd.org/sti/ind/carbondioxideemissionsembodiedininternationaltrade.htm; Organisation for Economic Co-operation and Development (OECD). 2021. Input-Output Tables (IOTs) (https://oe.cd/i-o); Access Date: 04-03-2022","Publishing, audiovisual and broadcasting activities",Units,364.3087185,287.5055817,276.943899,256.5295044,232.3388112,255.4195115,236.0050978,260.422425,226.1056642,174.4426148,141.3171856,126.1424517,101.2159291,88.93262545,95.85411154,82.85400185,73.5704593,67.95981835,68.87582769,60.77763759,77.79206041,81.01898601,67.98630264,74.40602005
Colombia,CO,COL,CO2 emissions multipliers,ECNCEO,Metric Tons of CO2 Emissions per $1million USD of output,"OECD (2021), OECD Inter-Country Input-Output Database, https://oe.cd/icio; OECD (2021), Trade in embodied CO₂ (TeCO2) Database, https://www.oecd.org/sti/ind/carbondioxideemissionsembodiedininternationaltrade.htm; Organisation for Economic Co-operation and Development (OECD). 2021. Input-Output Tables (IOTs) (https://oe.cd/i-o); Access Date: 04-03-2022",Real estate activities,Units,56.63329721,54.05529855,59.85281971,64.62537872,60.41171337,56.99832631,49.31333279,53.45399044,46.39690559,29.8786868,25.60436938,23.66702464,18.58292945,16.46308138,20.1674972,17.74833861,16.82159318,15.20914536,14.27851765,13.72475602,17.07073577,18.72201958,14.9321767,15.38912492
Colombia,CO,COL,CO2 emissions multipliers,ECNCEO,Metric Tons of CO2 Emissions per $1million USD of output,"OECD (2021), OECD Inter-Country Input-Output Database, https://oe.cd/icio; OECD (2021), Trade in embodied CO₂ (TeCO2) Database, https://www.oecd.org/sti/ind/carbondioxideemissionsembodiedininternationaltrade.htm; Organisation for Economic Co-operation and Development (OECD). 2021. Input-Output Tables (IOTs) (https://oe.cd/i-o); Access Date: 04-03-2022",Rubber and plastics products,Units,591.9120673,564.8090391,579.6768878,600.4591785,567.3767079,517.8901303,515.7228032,557.7169358,517.9959763,398.5466617,330.9175391,301.9029791,249.5116927,236.9867925,239.0211677,224.095417,182.7692837,169.9376315,147.8257203,142.4580758,170.8326059,185.9113809,176.1985631,175.5003812
Colombia,CO,COL,CO2 emissions multipliers,ECNCEO,Metric Tons of CO2 Emissions per $1million USD of output,"OECD (2021), OECD Inter-Country Input-Output Database, https://oe.cd/icio; OECD (2021), Trade in embodied CO₂ (TeCO2) Database, https://www.oecd.org/sti/ind/carbondioxideemissionsembodiedininternationaltrade.htm; Organisation for Economic Co-operation and Development (OECD). 2021. Input-Output Tables (IOTs) (https://oe.cd/i-o); Access Date: 04-03-2022",Telecommunications,Units,464.5935226,344.3654726,305.2300788,290.4528065,259.8433111,256.8486925,250.0821645,267.9662844,262.2931508,209.1380796,178.4278159,161.6238785,121.075739,110.2111433,130.1401087,112.919393,87.77167763,86.62435009,99.85321925,40.9399156,52.93006244,55.94971691,45.21268223,47.37835809
Colombia,CO,COL,CO2 emissions multipliers,ECNCEO,Metric Tons of CO2 Emissions per $1million USD of output,"OECD (2021), OECD Inter-Country Input-Output Database, https://oe.cd/icio; OECD (2021), Trade in embodied CO₂ (TeCO2) Database, https://www.oecd.org/sti/ind/carbondioxideemissionsembodiedininternationaltrade.htm; Organisation for Economic Co-operation and Development (OECD). 2021. Input-Output Tables (IOTs) (https://oe.cd/i-o); Access Date: 04-03-2022","Textiles, textile products, leather and footwear",Units,508.024032,493.3610244,499.5345977,503.4192106,512.9344539,482.5166747,446.4295153,458.8503806,419.3031024,337.1154138,284.0491372,242.2291431,192.3726798,182.1632674,213.6444115,167.7560882,157.7527992,117.3614728,158.7168175,171.819422,193.2905094,201.8802553,271.2037717,276.9471382
Colombia,CO,COL,CO2 emissions multipliers,ECNCEO,Metric Tons of CO2 Emissions per $1million USD of output,"OECD (2021), OECD Inter-Country Input-Output Database, https://oe.cd/icio; OECD (2021), Trade in embodied CO₂ (TeCO2) Database, https://www.oecd.org/sti/ind/carbondioxideemissionsembodiedininternationaltrade.htm; Organisation for Economic Co-operation and Development (OECD). 2021. Input-Output Tables (IOTs) (https://oe.cd/i-o); Access Date: 04-03-2022",Warehousing and support activities for transportation,Units,171.6282276,155.7068524,154.1208444,141.3101288,141.9145999,300.0058362,285.9178227,252.8048369,255.6934838,205.8012122,182.0466034,185.2807809,147.9029894,138.2323403,177.3083444,166.3129878,127.8990913,126.6333186,151.3146189,78.81990957,97.20580438,102.0946158,84.49812736,87.74867327
Colombia,CO,COL,CO2 emissions multipliers,ECNCEO,Metric Tons of CO2 Emissions per $1million USD of output,"OECD (2021), OECD Inter-Country Input-Output Database, https://oe.cd/icio; OECD (2021), Trade in embodied CO₂ (TeCO2) Database, https://www.oecd.org/sti/ind/carbondioxideemissionsembodiedininternationaltrade.htm; Organisation for Economic Co-operation and Development (OECD). 2021. Input-Output Tables (IOTs) (https://oe.cd/i-o); Access Date: 04-03-2022","Water supply; sewerage, waste management and remediation activities",Units,177.9944275,130.3556581,129.3966814,126.0547593,96.05605173,264.5964502,247.6679735,218.9135896,235.4918989,191.9799455,164.5907963,139.0936046,108.2037658,84.39074466,97.60638033,82.6717471,67.4426997,63.40136087,71.64283817,107.5070352,143.2860909,158.6943477,124.025071,127.3204791
Colombia,CO,COL,CO2 emissions multipliers,ECNCEO,Metric Tons of CO2 Emissions per $1million USD of output,"OECD (2021), OECD Inter-Country Input-Output Database, https://oe.cd/icio; OECD (2021), Trade in embodied CO₂ (TeCO2) Database, https://www.oecd.org/sti/ind/carbondioxideemissionsembodiedininternationaltrade.htm; Organisation for Economic Co-operation and Development (OECD). 2021. Input-Output Tables (IOTs) (https://oe.cd/i-o); Access Date: 04-03-2022",Water transport,Units,7221.986819,6977.37665,6766.883755,7016.552167,7176.663399,7397.904134,9062.821368,6852.669975,8411.365869,7810.366223,6720.317812,7317.062505,5901.748809,4767.81578,5530.335262,5465.300746,6382.634724,7801.106662,2437.306115,1187.709028,1823.640006,1953.250096,1718.298083,1365.984954
Colombia,CO,COL,CO2 emissions multipliers,ECNCEO,Metric Tons of CO2 Emissions per $1million USD of output,"OECD (2021), OECD Inter-Country Input-Output Database, https://oe.cd/icio; OECD (2021), Trade in embodied CO₂ (TeCO2) Database, https://www.oecd.org/sti/ind/carbondioxideemissionsembodiedininternationaltrade.htm; Organisation for Economic Co-operation and Development (OECD). 2021. Input-Output Tables (IOTs) (https://oe.cd/i-o); Access Date: 04-03-2022",Wholesale and retail trade; repair of motor vehicles,Units,182.3834888,163.64546,158.3691212,141.4203821,133.8261486,198.6697712,190.4807983,203.7497055,191.3839685,162.7840732,132.6611118,134.1697789,104.4033935,94.20988309,103.0624896,93.89194653,83.13763598,80.95694486,88.7345456,80.96825557,110.2608518,113.4180831,94.80653621,100.3731025
Colombia,CO,COL,CO2 emissions multipliers,ECNCEO,Metric Tons of CO2 Emissions per $1million USD of output,"OECD (2021), OECD Inter-Country Input-Output Database, https://oe.cd/icio; OECD (2021), Trade in embodied CO₂ (TeCO2) Database, https://www.oecd.org/sti/ind/carbondioxideemissionsembodiedininternationaltrade.htm; Organisation for Economic Co-operation and Development (OECD). 2021. Input-Output Tables (IOTs) (https://oe.cd/i-o); Access Date: 04-03-2022",Wood and products of wood and cork,Units,1129.0457,1158.04861,1165.786236,1128.90895,958.1893524,626.61025,461.8423597,700.0212435,492.1377145,352.9020579,311.8383281,259.1253403,200.3056858,203.5224636,219.7878672,199.2184754,174.0914817,165.8304685,113.826561,120.2568791,149.3954371,150.538961,136.9588055,139.0270429
