Country,ISO2,ISO3,Indicator,Code,Source,Unit,1995,1996,1997,1998,1999,2000,2001,2002,2003,2004,2005,2006,2007,2008,2009,2010,2011,2012,2013,2014,2015,2016,2017,2018,2019,2020
Colombia,CO,COL,Environmental Taxes,ECGTE,"Organisation for Economic Co-operation and Development (2020), Environmentally Related Tax Revenue, OECD.Stat https://stats.oecd.org/Index.aspx?DataSetCode=ERTR accessed on 10-03-2022; International Monetary Fund (IMF), Statistics Department (Government Finance Division) Questionnaire.",Domestic Currency (XDC),465800000000.0,637180437500.0,689318207025.08,715873186971.3,819576315198.44,1789936687500.0,2236228828100.0,2195910000000.0,2703791625000.0,2923748031300.0,3619679171900.0,3855116718800.0,4288884937500.0,4768185625000.0,5058861093800.0,5019458093800.0,5721184125000.0,5797825250000.0,5913839062500.0,6201179875000.0,6672838812500.0,7073752062500.0,5677563914100.0,6566469954600.0,6508446004000.0,5604368179700.0
Colombia,CO,COL,Environmental Taxes,ECGTE,"Organisation for Economic Co-operation and Development (2020), Environmentally Related Tax Revenue, OECD.Stat https://stats.oecd.org/Index.aspx?DataSetCode=ERTR accessed on 10-03-2022; International Monetary Fund (IMF), Statistics Department (Government Finance Division) Questionnaire.",Percent of GDP,0.53694147925633,0.60393088144583,0.53023379701575,0.46730845413415,0.49043403457095,0.91740545796675,1.0507606417514,0.94295910024039,1.0218359034074,0.97283265476927,1.0710441286957,1.0102401061157,1.0008926094869,1.0005551251205,1.0085971289968,0.92259278202869,0.92422800403089,0.86988215980107,0.82816091646902,0.81283986772117,0.82924134957992,0.81892791124647,0.61681074850717,0.66476305553618,0.61335682615035,0.55880378432096
Colombia,CO,COL,Taxes on Energy (including fuel for transport),ECGTEN,"Organisation for Economic Co-operation and Development (2020), Environmentally Related Tax Revenue, OECD.Stat https://stats.oecd.org/Index.aspx?DataSetCode=ERTR accessed on 10-03-2022; International Monetary Fund (IMF), Statistics Department (Government Finance Division) Questionnaire.",Domestic Currency (XDC),465800000000.0,637180437500.0,636400000000.0,641768000000.0,706529000000.0,1513750687500.0,1874972828100.0,1794347000000.0,2152390625000.0,2400092031300.0,2715442171900.0,2838758718800.0,2987897937500.0,3184418625000.0,3199814343800.0,3403903812500.0,3674420875000.0,3742816625000.0,4946853937500.0,5139982000000.0,5644353437500.0,5898282812500.0,4293462531300.0,4401453750000.0,4712965281300.0,3729767250000.0
Colombia,CO,COL,Taxes on Energy (including fuel for transport),ECGTEN,"Organisation for Economic Co-operation and Development (2020), Environmentally Related Tax Revenue, OECD.Stat https://stats.oecd.org/Index.aspx?DataSetCode=ERTR accessed on 10-03-2022; International Monetary Fund (IMF), Statistics Department (Government Finance Division) Questionnaire.",Percent of GDP,0.53694147925633,0.60393088144583,0.48952832665937,0.41893399201273,0.42278658080484,0.77585042667238,0.88101343984316,0.77052148432269,0.81344656831036,0.79859409138686,0.8034851313907,0.7439017073937,0.69728262873104,0.6682177721999,0.63795457132332,0.6256486316743,0.59358388002775,0.56155700958637,0.69274646252996,0.67373989679169,0.7014302897967,0.6828438968321,0.46644192433339,0.44558550695895,0.44415048153098,0.37188992355744
Colombia,CO,COL,Taxes on Pollution,ECGTEP,"Organisation for Economic Co-operation and Development (2020), Environmentally Related Tax Revenue, OECD.Stat https://stats.oecd.org/Index.aspx?DataSetCode=ERTR accessed on 10-03-2022; International Monetary Fund (IMF), Statistics Department (Government Finance Division) Questionnaire.",Domestic Currency (XDC),0.0,0.0,,,,,,,,,,,,,,,,,,,,,6545507812.5,691516224600.0,61640972700.0,82408679700.0
Colombia,CO,COL,Taxes on Pollution,ECGTEP,"Organisation for Economic Co-operation and Development (2020), Environmentally Related Tax Revenue, OECD.Stat https://stats.oecd.org/Index.aspx?DataSetCode=ERTR accessed on 10-03-2022; International Monetary Fund (IMF), Statistics Department (Government Finance Division) Questionnaire.",Percent of GDP,0.0,0.0,,,,,,,,,,,,,,,,,,,,,0.00071110423299,0.07000632632087,0.00580905355178,0.00821685524589
Colombia,CO,COL,Taxes on Resources,ECGTER,"Organisation for Economic Co-operation and Development (2020), Environmentally Related Tax Revenue, OECD.Stat https://stats.oecd.org/Index.aspx?DataSetCode=ERTR accessed on 10-03-2022; International Monetary Fund (IMF), Statistics Department (Government Finance Division) Questionnaire.",Domestic Currency (XDC),,,52918207025.08,74105186971.297,113047315198.44,144391000000.0,210575000000.0,234463000000.0,344204000000.0,288399000000.0,625723000000.0,741911000000.0,981543000000.0,1275799000000.0,1535587000000.0,1241986000000.0,1618867000000.0,1618868000000.0,7422000000.0,,,,,,,
Colombia,CO,COL,Taxes on Resources,ECGTER,"Organisation for Economic Co-operation and Development (2020), Environmentally Related Tax Revenue, OECD.Stat https://stats.oecd.org/Index.aspx?DataSetCode=ERTR accessed on 10-03-2022; International Monetary Fund (IMF), Statistics Department (Government Finance Division) Questionnaire.",Percent of GDP,,,0.04070547035638,0.04837446212141,0.06764745376611,0.07400546198441,0.09894511659829,0.10068218620966,0.13008399095712,0.0959603775015,0.18514816189858,0.19441908041676,0.22906166728881,0.26771340892872,0.30615362051015,0.22828108085931,0.26151967556218,0.24288838168636,0.00103936043187,,,,,,,
Colombia,CO,COL,Taxes on Transport (excluding fuel for transport),ECGTET,"Organisation for Economic Co-operation and Development (2020), Environmentally Related Tax Revenue, OECD.Stat https://stats.oecd.org/Index.aspx?DataSetCode=ERTR accessed on 10-03-2022; International Monetary Fund (IMF), Statistics Department (Government Finance Division) Questionnaire.",Domestic Currency (XDC),0.0,0.0,0.0,0.0,0.0,131795000000.0,150681000000.0,167100000000.0,207197000000.0,235257000000.0,278514000000.0,274447000000.0,319444000000.0,307968000000.0,323459750000.0,373568281300.0,427896250000.0,436140625000.0,959563125000.0,1061197875000.0,1028485375000.0,1175469250000.0,1377555875000.0,1473452750000.0,1733839750000.0,1792192250000.0
Colombia,CO,COL,Taxes on Transport (excluding fuel for transport),ECGTET,"Organisation for Economic Co-operation and Development (2020), Environmentally Related Tax Revenue, OECD.Stat https://stats.oecd.org/Index.aspx?DataSetCode=ERTR accessed on 10-03-2022; International Monetary Fund (IMF), Statistics Department (Government Finance Division) Questionnaire.",Percent of GDP,0.0,0.0,0.0,0.0,0.0,0.06754956930996,0.07080208530997,0.07175542970803,0.07830534413994,0.07827818588091,0.08241083540644,0.07191931830521,0.07454831346707,0.06462394399193,0.06448893716332,0.06866306949508,0.06912444844096,0.06543676852834,0.13437509350718,0.13909997092948,0.12781105978322,0.13608401441437,0.14965771997018,0.14916644088077,0.1633972910676,0.17869700551763
