Country,ISO2,ISO3,Indicator,Code,Source,Unit,2015,2016,2017,2018,2019,2020,2021,2022,2023,2024,2025
Colombia,CO,COL,Explicit Fossil Fuel Subsidies - Coal,,"Parry, Ian; Black, Simon; Vernon, Nate. September 2021. Still Not Getting Energy Prices Right: A Global and Country Update of Fossil Fuel Subsidies. International Monetary Fund. ISBN: 9781513595405/1018-5941; IMF staff estimations.",Percent of GDP,0.0155627391079775,0.00467798830168636,0.0128799849244144,0.0137141259722765,0.0129936641989739,0.0158616704907142,0.0151672662548774,0.0149794051120312,0.0147682499113382,0.0145419867381728,0.0142721953133539
Colombia,CO,COL,Explicit Fossil Fuel Subsidies - Coal,,"Parry, Ian; Black, Simon; Vernon, Nate. September 2021. Still Not Getting Energy Prices Right: A Global and Country Update of Fossil Fuel Subsidies. International Monetary Fund. ISBN: 9781513595405/1018-5941; IMF staff estimations.",US Dollars,50509110.0931168,14473360.0318432,43149981.6477299,48065889.6267414,43302599.3406773,43843176.2158871,44835884.1240406,45911986.3808155,47061465.6805992,48230171.2036133,49374796.4501381
Colombia,CO,COL,Explicit Fossil Fuel Subsidies - Electricity,,"Parry, Ian; Black, Simon; Vernon, Nate. September 2021. Still Not Getting Energy Prices Right: A Global and Country Update of Fossil Fuel Subsidies. International Monetary Fund. ISBN: 9781513595405/1018-5941; IMF staff estimations.",Percent of GDP,0.0982748828474491,0.0177878912103489,0.0188220668592763,0.00546528995493299,0.055444922617672,0.0760516733733916,0.070199683698427,0.0777783866922743,0.0695463484877126,0.0709645297413692,0.0705744433821324
Colombia,CO,COL,Explicit Fossil Fuel Subsidies - Electricity,,"Parry, Ian; Black, Simon; Vernon, Nate. September 2021. Still Not Getting Energy Prices Right: A Global and Country Update of Fossil Fuel Subsidies. International Monetary Fund. ISBN: 9781513595405/1018-5941; IMF staff estimations.",US Dollars,318952649.831772,55034458.6372375,63056893.6467171,19154995.6798553,184775382.28035,210214108.228683,207516953.349113,238391324.877739,221620917.320251,235362023.115158,244152963.161469
Colombia,CO,COL,Explicit Fossil Fuel Subsidies - Natural Gas,,"Parry, Ian; Black, Simon; Vernon, Nate. September 2021. Still Not Getting Energy Prices Right: A Global and Country Update of Fossil Fuel Subsidies. International Monetary Fund. ISBN: 9781513595405/1018-5941; IMF staff estimations.",Percent of GDP,0.0790382662680109,0.110850103923937,0.157037107206027,0.141149715113342,0.154607486892232,0.158136749419452,0.153197993737801,0.153109468914137,0.148607604510708,0.14413305194116,0.139041012546311
Colombia,CO,COL,Explicit Fossil Fuel Subsidies - Natural Gas,,"Parry, Ian; Black, Simon; Vernon, Nate. September 2021. Still Not Getting Energy Prices Right: A Global and Country Update of Fossil Fuel Subsidies. International Monetary Fund. ISBN: 9781513595405/1018-5941; IMF staff estimations.",US Dollars,256519913.673401,342962265.014648,526099085.8078,494707912.20665,515243887.901306,437105119.228363,452867865.562439,469281643.629074,473562657.833099,478033840.656281,481013715.267181
Colombia,CO,COL,Explicit Fossil Fuel Subsidies - Petroleum,,"Parry, Ian; Black, Simon; Vernon, Nate. September 2021. Still Not Getting Energy Prices Right: A Global and Country Update of Fossil Fuel Subsidies. International Monetary Fund. ISBN: 9781513595405/1018-5941; IMF staff estimations.",Percent of GDP,0.0,0.000469571492104539,0.0,0.0,0.0,0.0,0.0,0.0,0.0,0.0,0.0
Colombia,CO,COL,Explicit Fossil Fuel Subsidies - Petroleum,,"Parry, Ian; Black, Simon; Vernon, Nate. September 2021. Still Not Getting Energy Prices Right: A Global and Country Update of Fossil Fuel Subsidies. International Monetary Fund. ISBN: 9781513595405/1018-5941; IMF staff estimations.",US Dollars,0.0,1452820.49197704,0.0,0.0,0.0,0.0,0.0,0.0,0.0,0.0,0.0
Colombia,CO,COL,Explicit Fossil Fuel Subsidies - Total,,"Parry, Ian; Black, Simon; Vernon, Nate. September 2021. Still Not Getting Energy Prices Right: A Global and Country Update of Fossil Fuel Subsidies. International Monetary Fund. ISBN: 9781513595405/1018-5941; IMF staff estimations.",Percent of GDP,0.192875892814745,0.133785555492483,0.188739164549591,0.160329134229243,0.223046063648361,0.250050073067415,0.238564942430899,0.245867249779607,0.23292219589561,0.229639559434937,0.223887657702754
Colombia,CO,COL,Explicit Fossil Fuel Subsidies - Total,,"Parry, Ian; Black, Simon; Vernon, Nate. September 2021. Still Not Getting Energy Prices Right: A Global and Country Update of Fossil Fuel Subsidies. International Monetary Fund. ISBN: 9781513595405/1018-5941; IMF staff estimations.",US Dollars,625981688.49945,413922905.921936,632305979.728698,561928808.689117,743321835.99472,691162347.793579,705220699.310302,753584921.360015,742245018.482208,761626005.172729,774541497.230529
Colombia,CO,COL,Fossil Fuel Subsidies - Total Implicit and Explicit,,"Parry, Ian; Black, Simon; Vernon, Nate. September 2021. Still Not Getting Energy Prices Right: A Global and Country Update of Fossil Fuel Subsidies. International Monetary Fund. ISBN: 9781513595405/1018-5941; IMF staff estimations.",Percent of GDP,4.34962248134796,4.53418112158943,3.9418846399692,4.31352820153322,5.37939143198474,4.32411350831899,3.67069866483705,3.98432509168194,4.107966286646,4.226333007879,4.33261684045186
Colombia,CO,COL,Fossil Fuel Subsidies - Total Implicit and Explicit,,"Parry, Ian; Black, Simon; Vernon, Nate. September 2021. Still Not Getting Energy Prices Right: A Global and Country Update of Fossil Fuel Subsidies. International Monetary Fund. ISBN: 9781513595405/1018-5941; IMF staff estimations.",US Dollars,14116766929.6264,14028430938.7207,13205935478.2104,15118248939.5141,17927324295.0439,11952263832.0922,10850934982.2998,12211985588.0737,13090712547.3022,14017119407.6538,14988729476.9287
Colombia,CO,COL,Fossil Fuel Subsidies - Total Implicit and Explicit -  Natural Gas,,"Parry, Ian; Black, Simon; Vernon, Nate. September 2021. Still Not Getting Energy Prices Right: A Global and Country Update of Fossil Fuel Subsidies. International Monetary Fund. ISBN: 9781513595405/1018-5941; IMF staff estimations.",Percent of GDP,0.401630806175511,0.45532389448396,0.487656222430148,0.582476995761395,0.548523429586085,0.565643748849695,0.540994041998822,0.561724187019634,0.564088446139574,0.56433255832046,0.563550905111191
Colombia,CO,COL,Fossil Fuel Subsidies - Total Implicit and Explicit -  Natural Gas,,"Parry, Ian; Black, Simon; Vernon, Nate. September 2021. Still Not Getting Energy Prices Right: A Global and Country Update of Fossil Fuel Subsidies. International Monetary Fund. ISBN: 9781513595405/1018-5941; IMF staff estimations.",US Dollars,1303498983.38317,1408739447.59368,1633725285.53009,2041491746.90246,1828005552.29187,1563493490.21911,1599229931.83135,1721688747.406,1797560930.25207,1871673822.40295,1949609756.46972
Colombia,CO,COL,Fossil Fuel Subsidies - Total Implicit and Explicit - Coal,,"Parry, Ian; Black, Simon; Vernon, Nate. September 2021. Still Not Getting Energy Prices Right: A Global and Country Update of Fossil Fuel Subsidies. International Monetary Fund. ISBN: 9781513595405/1018-5941; IMF staff estimations.",Percent of GDP,0.527882925670232,0.712221904706994,0.40957016466965,0.429191400800822,1.03082529844577,0.481444150530024,0.761054758317554,0.917735637083037,0.993678892769666,1.07454529269451,1.15605647591006
Colombia,CO,COL,Fossil Fuel Subsidies - Total Implicit and Explicit - Coal,,"Parry, Ian; Black, Simon; Vernon, Nate. September 2021. Still Not Getting Energy Prices Right: A Global and Country Update of Fossil Fuel Subsidies. International Monetary Fund. ISBN: 9781513595405/1018-5941; IMF staff estimations.",US Dollars,1713252186.7752,2203563451.76696,1372124671.93603,1504249453.54461,3435321569.44274,1330757737.15972,2249750375.74768,2812866449.35607,3166521787.64343,3563853025.4364,3999388456.3446
Colombia,CO,COL,Fossil Fuel Subsidies - Total Implicit and Explicit - Electricity,,"Parry, Ian; Black, Simon; Vernon, Nate. September 2021. Still Not Getting Energy Prices Right: A Global and Country Update of Fossil Fuel Subsidies. International Monetary Fund. ISBN: 9781513595405/1018-5941; IMF staff estimations.",Percent of GDP,0.0982748828474491,0.0177878912103489,0.0484685702422809,0.0228498349263817,0.0910355176023116,0.112322743480489,0.102947715690692,0.112368109413047,0.1034538458764,0.104093786722305,0.10288062270154
Colombia,CO,COL,Fossil Fuel Subsidies - Total Implicit and Explicit - Electricity,,"Parry, Ian; Black, Simon; Vernon, Nate. September 2021. Still Not Getting Energy Prices Right: A Global and Country Update of Fossil Fuel Subsidies. International Monetary Fund. ISBN: 9781513595405/1018-5941; IMF staff estimations.",US Dollars,318952649.831772,55034458.6372375,162377357.48291,80085135.9963417,303384363.651276,310470819.473267,304323256.015778,344409078.359604,329672753.810883,345239013.433456,355916500.091553
Colombia,CO,COL,Fossil Fuel Subsidies - Total Implicit and Explicit - Petroleum,,"Parry, Ian; Black, Simon; Vernon, Nate. September 2021. Still Not Getting Energy Prices Right: A Global and Country Update of Fossil Fuel Subsidies. International Monetary Fund. ISBN: 9781513595405/1018-5941; IMF staff estimations.",Percent of GDP,3.32183385747214,3.34884710368246,2.99618971821032,3.27901009971808,3.70900691807011,3.16470308109766,2.26570196736026,2.39249726512374,2.44674508315597,2.48336118144066,2.51012862997845
Colombia,CO,COL,Fossil Fuel Subsidies - Total Implicit and Explicit - Petroleum,,"Parry, Ian; Black, Simon; Vernon, Nate. September 2021. Still Not Getting Energy Prices Right: A Global and Country Update of Fossil Fuel Subsidies. International Monetary Fund. ISBN: 9781513595405/1018-5941; IMF staff estimations.",US Dollars,10781063079.8339,10361092567.4438,10037708282.4707,11492423057.5561,12360611915.5883,8747542381.28662,6697630882.26318,7333021640.77758,7796957015.99121,8236352920.53222,8683814048.76708
Colombia,CO,COL,Implicit Fossil Fuel Subsidies - Accidents,,"Parry, Ian; Black, Simon; Vernon, Nate. September 2021. Still Not Getting Energy Prices Right: A Global and Country Update of Fossil Fuel Subsidies. International Monetary Fund. ISBN: 9781513595405/1018-5941; IMF staff estimations.",Percent of GDP,0.495165521577295,0.436822137290561,0.363876762739826,0.377317220697629,0.443095720772488,0.388996926639121,0.273837172959614,0.290712374405282,0.300576650842209,0.306498544242835,0.309568972325277
Colombia,CO,COL,Implicit Fossil Fuel Subsidies - Accidents,,"Parry, Ian; Black, Simon; Vernon, Nate. September 2021. Still Not Getting Energy Prices Right: A Global and Country Update of Fossil Fuel Subsidies. International Monetary Fund. ISBN: 9781513595405/1018-5941; IMF staff estimations.",US Dollars,1607067346.57287,1351496338.84429,1219044566.15447,1322438478.46984,1476657867.43164,1075224757.19451,809488773.345947,891035556.793212,957837104.797363,1016537666.3208,1070956826.21002
Colombia,CO,COL,Implicit Fossil Fuel Subsidies - Coal,,"Parry, Ian; Black, Simon; Vernon, Nate. September 2021. Still Not Getting Energy Prices Right: A Global and Country Update of Fossil Fuel Subsidies. International Monetary Fund. ISBN: 9781513595405/1018-5941; IMF staff estimations.",Percent of GDP,0.512320191153564,0.707543891119945,0.396690189753006,0.415477271639855,1.01783165324999,0.465582489473511,0.74588751852701,0.90275621860132,0.978910649872476,1.06000330595634,1.14178427413575
Colombia,CO,COL,Implicit Fossil Fuel Subsidies - Coal,,"Parry, Ian; Black, Simon; Vernon, Nate. September 2021. Still Not Getting Energy Prices Right: A Global and Country Update of Fossil Fuel Subsidies. International Monetary Fund. ISBN: 9781513595405/1018-5941; IMF staff estimations.",US Dollars,1662743091.58325,2189090013.50402,1328974723.81591,1456183552.742,3392019033.432,1286914587.02087,2204914569.85473,2766954421.99707,3119460344.31457,3515622854.23278,3950013637.54272
Colombia,CO,COL,Implicit Fossil Fuel Subsidies - Congestion,,"Parry, Ian; Black, Simon; Vernon, Nate. September 2021. Still Not Getting Energy Prices Right: A Global and Country Update of Fossil Fuel Subsidies. International Monetary Fund. ISBN: 9781513595405/1018-5941; IMF staff estimations.",Percent of GDP,0.110653949262476,0.0986972170632335,0.0824654673570892,0.0856611147509852,0.096807133415061,0.0823666195270928,0.0700772319592446,0.0682662957145879,0.0676497180583145,0.0667330522034005,0.0658950050021519
Colombia,CO,COL,Implicit Fossil Fuel Subsidies - Congestion,,"Parry, Ian; Black, Simon; Vernon, Nate. September 2021. Still Not Getting Energy Prices Right: A Global and Country Update of Fossil Fuel Subsidies. International Monetary Fund. ISBN: 9781513595405/1018-5941; IMF staff estimations.",US Dollars,359129101.037979,305362105.369568,276272326.70784,300228953.361511,322618812.322617,227669224.143028,207154974.341393,209236696.362495,215576991.438866,221327841.281891,227964401.245117
Colombia,CO,COL,Implicit Fossil Fuel Subsidies - Electricity,,"Parry, Ian; Black, Simon; Vernon, Nate. September 2021. Still Not Getting Energy Prices Right: A Global and Country Update of Fossil Fuel Subsidies. International Monetary Fund. ISBN: 9781513595405/1018-5941; IMF staff estimations.",Percent of GDP,0.0,0.0,0.0296465033830046,0.0173845449714487,0.0355905905132987,0.0362710674116116,0.0327480269514387,0.0345897251516256,0.0339075020647857,0.0331292569809357,0.0323061793194074
Colombia,CO,COL,Implicit Fossil Fuel Subsidies - Electricity,,"Parry, Ian; Black, Simon; Vernon, Nate. September 2021. Still Not Getting Energy Prices Right: A Global and Country Update of Fossil Fuel Subsidies. International Monetary Fund. ISBN: 9781513595405/1018-5941; IMF staff estimations.",US Dollars,0.0,0.0,99320463.8361931,60930140.3164864,118608966.469765,100256703.794003,96806287.7655029,106017760.932446,108051851.391792,109876990.318298,111763536.930084
Colombia,CO,COL,Implicit Fossil Fuel Subsidies - Foregone VAT,,"Parry, Ian; Black, Simon; Vernon, Nate. September 2021. Still Not Getting Energy Prices Right: A Global and Country Update of Fossil Fuel Subsidies. International Monetary Fund. ISBN: 9781513595405/1018-5941; IMF staff estimations.",Percent of GDP,0.547899449383891,0.53539655900159,0.659809138504748,0.717553579761101,0.828403974472361,0.705091402099985,0.546040110210225,0.567260579903789,0.569356726313878,0.568595692707982,0.566059961670308
Colombia,CO,COL,Implicit Fossil Fuel Subsidies - Foregone VAT,,"Parry, Ian; Black, Simon; Vernon, Nate. September 2021. Still Not Getting Energy Prices Right: A Global and Country Update of Fossil Fuel Subsidies. International Monetary Fund. ISBN: 9781513595405/1018-5941; IMF staff estimations.",US Dollars,1778216123.58093,1656478524.20806,2210464715.95764,2514914274.21569,2760733604.43115,1948940157.89031,1614146590.23284,1738657832.14569,1814349174.49951,1885812997.81799,1958289861.67907
Colombia,CO,COL,Implicit Fossil Fuel Subsidies - Global Warming,,"Parry, Ian; Black, Simon; Vernon, Nate. September 2021. Still Not Getting Energy Prices Right: A Global and Country Update of Fossil Fuel Subsidies. International Monetary Fund. ISBN: 9781513595405/1018-5941; IMF staff estimations.",Percent of GDP,0.961613109143898,1.21139360362763,0.92884998351673,1.11498931902917,1.48443739845692,1.19386218464836,1.12272416637614,1.24271906403658,1.29505392205027,1.34246205379078,1.38323508654327
Colombia,CO,COL,Implicit Fossil Fuel Subsidies - Global Warming,,"Parry, Ian; Black, Simon; Vernon, Nate. September 2021. Still Not Getting Energy Prices Right: A Global and Country Update of Fossil Fuel Subsidies. International Monetary Fund. ISBN: 9781513595405/1018-5941; IMF staff estimations.",US Dollars,3120930194.85473,3747964859.00878,3111793994.90356,3907865047.45483,4947026252.74658,3299949407.57751,3318879604.33959,3808943033.21838,4126903057.09838,4452429771.42333,4785315036.77368
Colombia,CO,COL,Implicit Fossil Fuel Subsidies - Local Air Pollution,,"Parry, Ian; Black, Simon; Vernon, Nate. September 2021. Still Not Getting Energy Prices Right: A Global and Country Update of Fossil Fuel Subsidies. International Monetary Fund. ISBN: 9781513595405/1018-5941; IMF staff estimations.",Percent of GDP,1.14256574224217,1.32781130353325,1.06045425712463,1.17606444765491,1.49381877251438,0.986368439762275,0.940771084582068,1.05579047694031,1.11382478478393,1.17280880068282,1.23319244298821
Colombia,CO,COL,Implicit Fossil Fuel Subsidies - Local Air Pollution,,"Parry, Ian; Black, Simon; Vernon, Nate. September 2021. Still Not Getting Energy Prices Right: A Global and Country Update of Fossil Fuel Subsidies. International Monetary Fund. ISBN: 9781513595405/1018-5941; IMF staff estimations.",US Dollars,3708214759.82666,4108152866.36352,3552689075.46997,4121923923.49243,4978290557.86132,2726416826.24816,2781008958.81652,3236005544.66247,3549386501.31225,3889755249.02343,4266241073.60839
Colombia,CO,COL,Implicit Fossil Fuel Subsidies - Natural Gas,,"Parry, Ian; Black, Simon; Vernon, Nate. September 2021. Still Not Getting Energy Prices Right: A Global and Country Update of Fossil Fuel Subsidies. International Monetary Fund. ISBN: 9781513595405/1018-5941; IMF staff estimations.",Percent of GDP,0.3225925399075,0.344473790560025,0.330619115224121,0.441327272144876,0.393915942693851,0.407506977866356,0.387796048261024,0.408614708382085,0.415480860333263,0.420199488407769,0.424509875335664
Colombia,CO,COL,Implicit Fossil Fuel Subsidies - Natural Gas,,"Parry, Ian; Black, Simon; Vernon, Nate. September 2021. Still Not Getting Energy Prices Right: A Global and Country Update of Fossil Fuel Subsidies. International Monetary Fund. ISBN: 9781513595405/1018-5941; IMF staff estimations.",US Dollars,1046979069.70977,1065777182.57904,1107626199.72229,1546783804.89349,1312761664.39056,1126388311.3861,1146362066.26892,1252407073.9746,1323998332.02362,1393639922.14202,1468595981.5979
Colombia,CO,COL,Implicit Fossil Fuel Subsidies - Petroleum,,"Parry, Ian; Black, Simon; Vernon, Nate. September 2021. Still Not Getting Energy Prices Right: A Global and Country Update of Fossil Fuel Subsidies. International Monetary Fund. ISBN: 9781513595405/1018-5941; IMF staff estimations.",Percent of GDP,3.32183385747214,3.3483776532365,2.99618971821032,3.27901009971808,3.70900691807011,3.16470308109766,2.26570196736026,2.39249726512374,2.44674508315597,2.48336118144066,2.51012862997845
Colombia,CO,COL,Implicit Fossil Fuel Subsidies - Petroleum,,"Parry, Ian; Black, Simon; Vernon, Nate. September 2021. Still Not Getting Energy Prices Right: A Global and Country Update of Fossil Fuel Subsidies. International Monetary Fund. ISBN: 9781513595405/1018-5941; IMF staff estimations.",US Dollars,10781063079.8339,10359640121.4599,10037708282.4707,11492423057.5561,12360611915.5883,8747542381.28662,6697630882.26318,7333021640.77758,7796957015.99121,8236352920.53222,8683814048.76708
Colombia,CO,COL,Implicit Fossil Fuel Subsidies - Road Damage,,"Parry, Ian; Black, Simon; Vernon, Nate. September 2021. Still Not Getting Energy Prices Right: A Global and Country Update of Fossil Fuel Subsidies. International Monetary Fund. ISBN: 9781513595405/1018-5941; IMF staff estimations.",Percent of GDP,0.898848973027968,0.790274514400209,0.657689661573263,0.681613504454675,0.809782019940584,0.717378115950414,0.478683789971602,0.513708977976216,0.528582452365259,0.539595466560002,0.550777404093955
Colombia,CO,COL,Implicit Fossil Fuel Subsidies - Road Damage,,"Parry, Ian; Black, Simon; Vernon, Nate. September 2021. Still Not Getting Energy Prices Right: A Global and Country Update of Fossil Fuel Subsidies. International Monetary Fund. ISBN: 9781513595405/1018-5941; IMF staff estimations.",US Dollars,2917228221.89331,2445052623.74877,2203364133.83483,2388949871.06323,2698674201.96533,1982901811.59973,1415034890.17486,1574521780.01403,1684415221.21429,1789630413.05541,1905419707.29827
Colombia,CO,COL,Implicit Fossil Fuel Subsidies - Total,,"Parry, Ian; Black, Simon; Vernon, Nate. September 2021. Still Not Getting Energy Prices Right: A Global and Country Update of Fossil Fuel Subsidies. International Monetary Fund. ISBN: 9781513595405/1018-5941; IMF staff estimations.",Percent of GDP,4.1567466987246,4.40039545050669,3.75314543983641,4.15319908431032,5.15634520736811,4.07406352150711,3.43213356109972,3.73845786134915,3.87504418427236,3.99669337655794,4.1087290793738
Colombia,CO,COL,Implicit Fossil Fuel Subsidies - Total,,"Parry, Ian; Black, Simon; Vernon, Nate. September 2021. Still Not Getting Energy Prices Right: A Global and Country Update of Fossil Fuel Subsidies. International Monetary Fund. ISBN: 9781513595405/1018-5941; IMF staff estimations.",US Dollars,13490785598.7548,13614507675.1708,12573629379.2724,14556320190.4296,17184001922.6074,11261101722.7172,10145713806.1523,11458400726.3183,12348467826.8432,13255493164.0625,14214187622.0703
