Country,ISO2,ISO3,Indicator,Code,Unit,Source,Climate Influence,1992,1993,1994,1995,1996,1997,1998,1999,2000,2001,2002,2003,2004,2005,2006,2007,2008,2009,2010,2011,2012,2013,2014,2015,2016,2017,2018,2019
Colombia,CO,COL,Climate Altering Land Cover Index,,Index,"Food and Agriculture Organization of the United Nations (FAO). 2020. FAOSTAT Land, Inputs and sustainability, Land, Land Cover. License: CC BY-NC-SA 3.0 IGO. Extracted from: http://www.fao.org/faostat/en/#data/LC. Date of Access: 11-01-2022; IMF staff calculations.",Climate altering,127.84151368420301,123.88722957886,121.083470416648,111.106011829802,121.466961724702,122.367967446941,120.543581462598,121.05444877308801,129.19551737714198,123.025330775147,123.89028969561599,126.748936363737,128.178925634162,119.122738563672,119.954065157146,118.185730780369,111.42933916596999,111.25800097727999,110.485755741861,98.16989247974921,96.51085589822979,102.683412645034,101.049764594804,100.0,99.1066696008668,127.138914669876,127.28685185273599,127.13799185591
Colombia,CO,COL,Artificial surfaces (including urban and associated areas),,1000 HA,"Food and Agriculture Organization of the United Nations (FAO). 2020. FAOSTAT Land, Inputs and sustainability, Land, Land Cover. License: CC BY-NC-SA 3.0 IGO. Extracted from: http://www.fao.org/faostat/en/#data/LC. Date of Access: 11-01-2022; IMF staff calculations.",Climate altering,127.173,129.6783,131.8988,134.0437,136.2236,138.3278,140.6587,143.3791,146.89010000000002,148.16310000000001,149.3082,150.1685,152.296,153.70270000000002,157.1672,160.6549,163.631,166.5781,169.5252,172.7455,176.2739,182.3193,188.3878,192.079,192.3289,197.4035,201.0424,206.68079999999998
Colombia,CO,COL,Grassland,,1000 HA,"Food and Agriculture Organization of the United Nations (FAO). 2020. FAOSTAT Land, Inputs and sustainability, Land, Land Cover. License: CC BY-NC-SA 3.0 IGO. Extracted from: http://www.fao.org/faostat/en/#data/LC. Date of Access: 11-01-2022; IMF staff calculations.",Climate regulating,16617.577699999998,16618.7057,16617.3773,16715.1021,16716.155,16742.7576,16784.754100000002,16862.1279,16847.438100000003,16854.172,16863.611699999998,16889.7461,16968.165800000002,16976.5936,16979.3171,16969.273699999998,16959.3171,16958.706,16957.2094,16953.9058,16952.5402,16946.427,16910.4658,16909.3578,16902.6262,16900.534399999997,16893.873600000003,16890.1279
Colombia,CO,COL,Herbaceous crops,,1000 HA,"Food and Agriculture Organization of the United Nations (FAO). 2020. FAOSTAT Land, Inputs and sustainability, Land, Land Cover. License: CC BY-NC-SA 3.0 IGO. Extracted from: http://www.fao.org/faostat/en/#data/LC. Date of Access: 11-01-2022; IMF staff calculations.",Climate altering,6189.2375,5991.3584,5850.6094,5355.4969,5865.2322,5907.645,5815.174599999999,5837.6952,6236.4192,5930.2888,5971.8797,6112.2598,6180.785400000001,5731.9294,5769.5392,5678.6814,5341.884599999999,5330.472,5289.3697,4677.6456,4592.1473,4891.0764,4804.2924,4748.7343,4704.3466,6084.2929,6087.963299999999,6074.97
Colombia,CO,COL,Inland water bodies,,1000 HA,"Food and Agriculture Organization of the United Nations (FAO). 2020. FAOSTAT Land, Inputs and sustainability, Land, Land Cover. License: CC BY-NC-SA 3.0 IGO. Extracted from: http://www.fao.org/faostat/en/#data/LC. Date of Access: 11-01-2022; IMF staff calculations.",Climate regulating,1099.4145,1141.011,1141.0033,1167.471,1199.7361,1213.2296000000001,1223.5143999999998,1265.4442,1277.1086,1277.1628999999998,1276.7288999999998,1280.1081000000001,1399.8135,1405.4713000000002,1414.1518,1412.5552,1411.0593999999999,1411.2454,1410.6951000000001,1410.9276,1404.8745,1393.5357,1373.09,1373.0125,1373.5783000000001,1373.9193,1373.7178000000001,1373.617
Colombia,CO,COL,Mangroves,,1000 HA,"Food and Agriculture Organization of the United Nations (FAO). 2020. FAOSTAT Land, Inputs and sustainability, Land, Land Cover. License: CC BY-NC-SA 3.0 IGO. Extracted from: http://www.fao.org/faostat/en/#data/LC. Date of Access: 11-01-2022; IMF staff calculations.",Climate regulating,345.8863,345.8708,345.83979999999997,356.0162,357.45,359.1938,360.40290000000005,361.1082,361.7127,362.4103,363.4101,363.5806,364.4796,364.85159999999996,367.0915,370.277,372.6098,373.22990000000004,373.8266,374.0747,376.6556,376.1518,375.1132,375.09,375.1597,375.0512,374.966,374.98920000000004
Colombia,CO,COL,Permanent snow and glaciers,,1000 HA,"Food and Agriculture Organization of the United Nations (FAO). 2020. FAOSTAT Land, Inputs and sustainability, Land, Land Cover. License: CC BY-NC-SA 3.0 IGO. Extracted from: http://www.fao.org/faostat/en/#data/LC. Date of Access: 11-01-2022; IMF staff calculations.",Climate regulating,6.7351,6.7351,6.7351,6.727399999999999,6.727399999999999,6.719600000000001,6.7119,6.7119,6.7041,6.7041,6.7041,6.7041,6.7041,6.7041,6.7041,6.7041,6.7041,6.7041,6.7041,6.7041,6.7041,6.7041,6.7041,6.7041,6.7041,6.7041,6.7041,6.7041
Colombia,CO,COL,Shrub-covered areas,,1000 HA,"Food and Agriculture Organization of the United Nations (FAO). 2020. FAOSTAT Land, Inputs and sustainability, Land, Land Cover. License: CC BY-NC-SA 3.0 IGO. Extracted from: http://www.fao.org/faostat/en/#data/LC. Date of Access: 11-01-2022; IMF staff calculations.",Climate regulating,6920.239,6931.066,6930.8225999999995,6973.3489,6974.1894,7008.8904,7083.6813,7148.089400000001,7173.8673,7198.465200000001,7228.0661,7259.7851,7403.1472,7410.8775,7416.0862,7392.3815,7402.2796,7392.6772,7393.0728,7396.6105,7394.4338,7384.0071,7339.2123,7338.578,7374.2931,7382.4164,7373.472400000001,7378.4404
Colombia,CO,COL,"Shrubs and/or herbaceous vegetation, aquatic or regularly flooded",,1000 HA,"Food and Agriculture Organization of the United Nations (FAO). 2020. FAOSTAT Land, Inputs and sustainability, Land, Land Cover. License: CC BY-NC-SA 3.0 IGO. Extracted from: http://www.fao.org/faostat/en/#data/LC. Date of Access: 11-01-2022; IMF staff calculations.",Climate regulating,2373.4307000000003,2381.7236000000003,2381.6461,2373.6012,2373.7252000000003,2375.1202999999996,2377.2129,2390.4429,2389.3268,2389.8616,2392.3572000000004,2394.5739,2434.5894,2431.9852,2426.7382000000002,2427.9782,2431.4892,2432.6207000000004,2434.3956000000003,2435.7673999999997,2437.9375,2446.0212,2461.4446000000003,2461.3361,2462.1886,2463.886,2467.4822000000004,2473.7677999999996
Colombia,CO,COL,Sparsely natural vegetated areas,,1000 HA,"Food and Agriculture Organization of the United Nations (FAO). 2020. FAOSTAT Land, Inputs and sustainability, Land, Land Cover. License: CC BY-NC-SA 3.0 IGO. Extracted from: http://www.fao.org/faostat/en/#data/LC. Date of Access: 11-01-2022; IMF staff calculations.",Climate neutral,578.1436,578.0971,578.0041,575.9037,575.6867,575.7719000000001,571.6641999999999,569.3468,564.0533,559.5813,559.4573,557.6359,550.5288,545.553,540.585,540.6005,541.949,538.1591,532.757,532.7648,533.005,532.943,540.337,540.2905,540.6392,540.399,541.1198,540.9336999999999
Colombia,CO,COL,Terrestrial barren land,,1000 HA,"Food and Agriculture Organization of the United Nations (FAO). 2020. FAOSTAT Land, Inputs and sustainability, Land, Land Cover. License: CC BY-NC-SA 3.0 IGO. Extracted from: http://www.fao.org/faostat/en/#data/LC. Date of Access: 11-01-2022; IMF staff calculations.",Climate neutral,23.011,23.2125,23.2048,23.5303,23.778299999999998,23.894599999999997,23.9256,24.2821,24.305400000000002,24.3209,24.359599999999997,24.3674,24.754900000000003,24.8324,24.8401,24.9176,24.9719,25.0416,25.1037,25.0649,25.049400000000002,25.0184,25.4447,25.413700000000002,25.5222,25.6384,25.777900000000002,26.3205
Colombia,CO,COL,Tree-covered areas,,1000 HA,"Food and Agriculture Organization of the United Nations (FAO). 2020. FAOSTAT Land, Inputs and sustainability, Land, Land Cover. License: CC BY-NC-SA 3.0 IGO. Extracted from: http://www.fao.org/faostat/en/#data/LC. Date of Access: 11-01-2022; IMF staff calculations.",Climate regulating,76556.89229999999,76491.29579999999,76491.4578,76311.87090000001,76289.1935,76178.1655,75976.9015,75710.5346,75677.3007,75631.5805,75572.2044,75479.0156,74982.06090000001,74984.6728,74987.90509999999,75075.15520000001,75110.2038,75149.7888,75164.098,75164.2418,75171.02070000001,75207.54729999999,75339.96190000001,75340.15490000001,75292.64940000001,75261.8321,75266.9195,75211.6132
Colombia,CO,COL,Woody crops,,1000 HA,"Food and Agriculture Organization of the United Nations (FAO). 2020. FAOSTAT Land, Inputs and sustainability, Land, Land Cover. License: CC BY-NC-SA 3.0 IGO. Extracted from: http://www.fao.org/faostat/en/#data/LC. Date of Access: 11-01-2022; IMF staff calculations.",Climate regulating,3689.35,3888.3363,4028.4916000000003,4533.9784,4008.9935,3997.3746,4162.4887,4207.9285,3821.9645,4144.3801,4119.0034,4009.1457,4059.7652000000003,4489.9171,4436.9653,4467.9115,4760.9912,4741.8678,4770.3334,5376.638099999999,5456.4488,5135.339400000001,5162.6369,5216.34,5277.0543,3915.0135,3914.0517999999997,3968.9261
