Country,ISO2,ISO3,Indicator,Code,Unit,Source,Trade Flow,Scale,1994,1995,1996,1997,1998,1999,2000,2001,2002,2003,2004,2005,2006,2007,2008,2009,2010,2011,2012,2013,2014,2015,2016,2017,2018,2019,2020,2021
Colombia,CO,COL,Comparative advantage in low carbon technology products,,Index,Department of Economic and Social Affairs/United Nations. 2022. United Nations Comtrade database. [https://comtrade.un.org](https://comtrade.un.org). Access Date: 15-03-2022; International Monetary Fund (IMF) Direction of Trade Statistics (DOTS). [https://data.imf.org/dot](https://data.imf.org/dot). Access Date: 21-03-2022. World Economic Outlook (WEO) Database. [https://www.imf.org/en/Publications/WEO/weo-database/2021/October](https://www.imf.org/en/Publications/WEO/weo-database/2021/October). Access Date: 21-03-2022; IMF staff calculations.,Not Applicable,Units,,,,,0.101441925475347,0.104410688645702,0.101775121745023,0.131644937554868,0.148319542550541,0.137884333654168,0.142952161863073,0.145214908956746,0.14389001199158,0.182311865213635,0.147332025026067,0.139958262917986,0.120131897133834,0.0993606736947446,0.105927113407848,0.109326443588684,0.121838386892544,0.176358510751134,0.178197534585478,0.152566441718605,0.127664761226142,0.139414805971154,0.1725416186392,0.16915982011366
Colombia,CO,COL,Exports of low carbon technology products,,US Dollars,Department of Economic and Social Affairs/United Nations. 2022. United Nations Comtrade database. [https://comtrade.un.org](https://comtrade.un.org). Access Date: 15-03-2022; International Monetary Fund (IMF) Direction of Trade Statistics (DOTS). [https://data.imf.org/dot](https://data.imf.org/dot). Access Date: 21-03-2022. World Economic Outlook (WEO) Database. [https://www.imf.org/en/Publications/WEO/weo-database/2021/October](https://www.imf.org/en/Publications/WEO/weo-database/2021/October). Access Date: 21-03-2022; IMF staff calculations.,Exports,Units,27797673.0,34639905.0,30030977.0,42355417.0,38160414.0,42667136.0,47640054.0,57997911.0,60105408.0,62878922.0,87528590.0,113740649.0,129271421.0,202576611.0,215446762.0,199357412.0,203601540.0,224605963.0,253963434.0,253503986.0,270154355.0,274487616.0,245888876.0,262051825.58,241301529.54,261772852.8,282001628.38,321567439.05
Colombia,CO,COL,Exports of low carbon technology products as percent of GDP,,Percent,Department of Economic and Social Affairs/United Nations. 2022. United Nations Comtrade database. [https://comtrade.un.org](https://comtrade.un.org). Access Date: 15-03-2022; International Monetary Fund (IMF) Direction of Trade Statistics (DOTS). [https://data.imf.org/dot](https://data.imf.org/dot). Access Date: 21-03-2022. World Economic Outlook (WEO) Database. [https://www.imf.org/en/Publications/WEO/weo-database/2021/October](https://www.imf.org/en/Publications/WEO/weo-database/2021/October). Access Date: 21-03-2022; IMF staff calculations.,Exports,Units,0.0284737613713942,0.0313429785773112,0.0258701595280157,0.0332358653837866,0.0324280071216143,0.04138801555972,0.048009728101905,0.059444564158931,0.0617649073762334,0.0668685141403636,0.0752376604529231,0.0781180623037466,0.0798993006397978,0.0982284716272431,0.0888425049962387,0.0857566819390252,0.0710654735610319,0.067053334537928,0.068510790920235,0.0663460266261495,0.0708618566924333,0.0935245604276519,0.0869726907122122,0.0840206709017456,0.0722190610698462,0.0810304985304059,0.104284672856252,0.10232277759767
Colombia,CO,COL,Exports of low carbon technology products as share of total exports,,Percent,Department of Economic and Social Affairs/United Nations. 2022. United Nations Comtrade database. [https://comtrade.un.org](https://comtrade.un.org). Access Date: 15-03-2022; International Monetary Fund (IMF) Direction of Trade Statistics (DOTS). [https://data.imf.org/dot](https://data.imf.org/dot). Access Date: 21-03-2022. World Economic Outlook (WEO) Database. [https://www.imf.org/en/Publications/WEO/weo-database/2021/October](https://www.imf.org/en/Publications/WEO/weo-database/2021/October). Access Date: 21-03-2022; IMF staff calculations.,Exports,Units,,,,,0.350953795378056,0.36706889672057,0.365254138317106,0.476964517781213,0.524992907671721,0.49657554307955,0.541733494445139,0.549141995568357,0.555426939037528,0.7116220830123,0.581155495458828,0.612271648756789,0.520422234549223,0.403068496324432,0.425977807522182,0.433689187198182,0.495619598728059,0.769934750056414,0.783326040721133,0.70366709070111,0.57700868667494,0.662966486889926,0.908123950024658,0.781621423366717
Colombia,CO,COL,Imports of low carbon technology products,,US Dollars,Department of Economic and Social Affairs/United Nations. 2022. United Nations Comtrade database. [https://comtrade.un.org](https://comtrade.un.org). Access Date: 15-03-2022; International Monetary Fund (IMF) Direction of Trade Statistics (DOTS). [https://data.imf.org/dot](https://data.imf.org/dot). Access Date: 21-03-2022. World Economic Outlook (WEO) Database. [https://www.imf.org/en/Publications/WEO/weo-database/2021/October](https://www.imf.org/en/Publications/WEO/weo-database/2021/October). Access Date: 21-03-2022; IMF staff calculations.,Imports,Units,373130032.0,486888150.0,702257478.0,849294386.0,607470081.0,468940698.0,486811202.0,464014727.0,375282086.0,358581870.0,475887578.0,658826387.0,725980584.0,931139485.0,1275131445.0,1207375324.0,1226091325.0,1497816770.0,1696116617.0,1820644916.0,1977249379.0,1798812366.0,1282524241.0,1460999688.32,1647174110.09,1706489761.04,1545114912.57,2179363225.79
Colombia,CO,COL,Imports of low carbon technology products as percent of GDP,,Percent,Department of Economic and Social Affairs/United Nations. 2022. United Nations Comtrade database. [https://comtrade.un.org](https://comtrade.un.org). Access Date: 15-03-2022; International Monetary Fund (IMF) Direction of Trade Statistics (DOTS). [https://data.imf.org/dot](https://data.imf.org/dot). Access Date: 21-03-2022. World Economic Outlook (WEO) Database. [https://www.imf.org/en/Publications/WEO/weo-database/2021/October](https://www.imf.org/en/Publications/WEO/weo-database/2021/October). Access Date: 21-03-2022; IMF staff calculations.,Imports,Units,0.38220521162576,0.440547537731315,0.604959105579615,0.666432675761442,0.516216729536415,0.45488229876526,0.490588726977127,0.475588736460531,0.385643556096477,0.381333459320009,0.409062547532503,0.452487665575201,0.448709703126664,0.451505275124423,0.525818400432835,0.519371216763666,0.427957276944949,0.447154686428912,0.457555204280406,0.476491742712479,0.518635215560011,0.612898819529893,0.453638187940668,0.468434721750919,0.492982236275216,0.528235508743726,0.5713860735781,0.693473503772181
Colombia,CO,COL,Imports of low carbon technology products as share of total imports,,Percent,Department of Economic and Social Affairs/United Nations. 2022. United Nations Comtrade database. [https://comtrade.un.org](https://comtrade.un.org). Access Date: 15-03-2022; International Monetary Fund (IMF) Direction of Trade Statistics (DOTS). [https://data.imf.org/dot](https://data.imf.org/dot). Access Date: 21-03-2022. World Economic Outlook (WEO) Database. [https://www.imf.org/en/Publications/WEO/weo-database/2021/October](https://www.imf.org/en/Publications/WEO/weo-database/2021/October). Access Date: 21-03-2022; IMF staff calculations.,Imports,Units,,,,,4.13856383722392,4.39926185408002,4.09366125418555,3.69843763396884,3.13423197232606,2.63806944731572,2.97834939493842,3.11778820271583,2.85063316618322,2.85747514053123,3.21445269893628,3.67010314948807,3.01354355229523,2.74099345964861,2.89505919264268,3.06602227208848,3.08838648294831,3.32872723911298,2.89604096222952,3.19629698418579,3.24141896287165,3.26476208083238,3.57800383625066,3.53896851687699
Colombia,CO,COL,Total trade in low carbon technology products,,US Dollars,Department of Economic and Social Affairs/United Nations. 2022. United Nations Comtrade database. [https://comtrade.un.org](https://comtrade.un.org). Access Date: 15-03-2022; International Monetary Fund (IMF) Direction of Trade Statistics (DOTS). [https://data.imf.org/dot](https://data.imf.org/dot). Access Date: 21-03-2022. World Economic Outlook (WEO) Database. [https://www.imf.org/en/Publications/WEO/weo-database/2021/October](https://www.imf.org/en/Publications/WEO/weo-database/2021/October). Access Date: 21-03-2022; IMF staff calculations.,Not Applicable,Units,400927705.0,521528055.0,732288455.0,891649803.0,645630495.0,511607834.0,534451256.0,522012638.0,435387494.0,421460792.0,563416168.0,772567036.0,855252005.0,1133716096.0,1490578207.0,1406732736.0,1429692865.0,1722422733.0,1950080051.0,2074148902.0,2247403734.0,2073299982.0,1528413117.0,1723051513.9,1888475639.63,1968262613.84,1827116540.95,2500930664.84
Colombia,CO,COL,Total trade in low carbon technology products as percent of GDP,,Percent,Department of Economic and Social Affairs/United Nations. 2022. United Nations Comtrade database. [https://comtrade.un.org](https://comtrade.un.org). Access Date: 15-03-2022; International Monetary Fund (IMF) Direction of Trade Statistics (DOTS). [https://data.imf.org/dot](https://data.imf.org/dot). Access Date: 21-03-2022. World Economic Outlook (WEO) Database. [https://www.imf.org/en/Publications/WEO/weo-database/2021/October](https://www.imf.org/en/Publications/WEO/weo-database/2021/October). Access Date: 21-03-2022; IMF staff calculations.,Not Applicable,Units,0.410678972997154,0.471890516308626,0.630829265107631,0.699668541145228,0.548644736658029,0.49627031432498,0.538598455079032,0.535033300619462,0.44740846347271,0.448201973460373,0.484300207985426,0.530605727878947,0.528609003766462,0.549733746751667,0.614660905429073,0.605127898702692,0.499022750505981,0.51420802096684,0.526065995200641,0.542837769338628,0.589497072252444,0.706423379957545,0.54061087865288,0.552455392652665,0.565201297345062,0.609266007274131,0.675670746434352,0.795796281369851
Colombia,CO,COL,Trade balance in low carbon technology products,,US Dollars,Department of Economic and Social Affairs/United Nations. 2022. United Nations Comtrade database. [https://comtrade.un.org](https://comtrade.un.org). Access Date: 15-03-2022; International Monetary Fund (IMF) Direction of Trade Statistics (DOTS). [https://data.imf.org/dot](https://data.imf.org/dot). Access Date: 21-03-2022. World Economic Outlook (WEO) Database. [https://www.imf.org/en/Publications/WEO/weo-database/2021/October](https://www.imf.org/en/Publications/WEO/weo-database/2021/October). Access Date: 21-03-2022; IMF staff calculations.,Not Applicable,Units,-345332359.0,-452248245.0,-672226501.0,-806938969.0,-569309667.0,-426273562.0,-439171148.0,-406016816.0,-315176678.0,-295702948.0,-388358988.0,-545085738.0,-596709163.0,-728562874.0,-1059684683.0,-1008017912.0,-1022489785.0,-1273210807.0,-1442153183.0,-1567140930.0,-1707095024.0,-1524324750.0,-1036635365.0,-1198947862.74,-1405872580.55,-1444716908.24,-1263113284.19,-1857795786.74
Colombia,CO,COL,Trade balance in low carbon technology products as percent of GDP,,Percent,Department of Economic and Social Affairs/United Nations. 2022. United Nations Comtrade database. [https://comtrade.un.org](https://comtrade.un.org). Access Date: 15-03-2022; International Monetary Fund (IMF) Direction of Trade Statistics (DOTS). [https://data.imf.org/dot](https://data.imf.org/dot). Access Date: 21-03-2022. World Economic Outlook (WEO) Database. [https://www.imf.org/en/Publications/WEO/weo-database/2021/October](https://www.imf.org/en/Publications/WEO/weo-database/2021/October). Access Date: 21-03-2022; IMF staff calculations.,Not Applicable,Units,-0.353731450254365,-0.409204559154004,-0.579088946051599,-0.633196810377655,-0.483788722414801,-0.41349428320554,-0.442578998875222,-0.4161441723016,-0.323878648720244,-0.314464945179646,-0.33382488707958,-0.374369603271454,-0.368810402486866,-0.35327680349718,-0.436975895436596,-0.433614534824641,-0.356891803383917,-0.380101351890984,-0.389044413360171,-0.410145716086329,-0.447773358867578,-0.519374259102241,-0.366665497228456,-0.384414050849173,-0.42076317520537,-0.44720501021332,-0.467101400721848,-0.591150726174511
