Country,ISO2,ISO3,Indicator,Code,Unit,Source,Trade Flow,Scale,1994,1995,1996,1997,1998,1999,2000,2001,2002,2003,2004,2005,2006,2007,2008,2009,2010,2011,2012,2013,2014,2015,2016,2017,2018,2019,2020,2021
Colombia,CO,COL,Comparative advantage in environmental goods,ECBTGA_IX,Index,Department of Economic and Social Affairs/United Nations. 2022. United Nations Comtrade database. [https://comtrade.un.org](https://comtrade.un.org). Access Date: 15-03-2022; International Monetary Fund (IMF) Direction of Trade Statistics (DOTS). [https://data.imf.org/dot](https://data.imf.org/dot). Access Date: 24-03-2022. World Economic Outlook (WEO) Database. [https://www.imf.org/en/Publications/WEO/weo-database/2021/October](https://www.imf.org/en/Publications/WEO/weo-database/2021/October). Access Date: 24-03-2022; IMF staff calculations.,Not Applicable,Units,,,,,0.183330076226105,0.157579586723259,0.178230229293315,0.239324624623256,0.262700792897224,0.239078255285092,0.252745993321973,0.244637176881868,0.237236704379107,0.251906239494348,0.22314266817184,0.191335640200177,0.160452724322269,0.134792025156514,0.127870185997187,0.13884402616846,0.156480088310216,0.207663746833945,0.211258266876864,0.176534708895534,0.159589713914924,0.16248749393095,0.194525514033031,0.203601339144449
Colombia,CO,COL,Environmental goods exports,ECBTGX_USD,US Dollars,Department of Economic and Social Affairs/United Nations. 2022. United Nations Comtrade database. [https://comtrade.un.org](https://comtrade.un.org). Access Date: 15-03-2022; International Monetary Fund (IMF) Direction of Trade Statistics (DOTS). [https://data.imf.org/dot](https://data.imf.org/dot). Access Date: 24-03-2022. World Economic Outlook (WEO) Database. [https://www.imf.org/en/Publications/WEO/weo-database/2021/October](https://www.imf.org/en/Publications/WEO/weo-database/2021/October). Access Date: 24-03-2022; IMF staff calculations.,Exports,Units,71633592.0,105693727.0,106735791.0,124223284.0,116484870.0,106920748.0,133952010.0,171896091.0,176984407.0,180268618.0,251062680.0,309280036.0,340638506.0,456100062.0,523322435.0,425910527.0,423644282.0,488166464.0,504987246.0,536628026.0,578111199.0,532385977.0,482901837.0,489275222.34,489286359.48,486523637.72,496021733.42,605287841.32
Colombia,CO,COL,Environmental goods exports as percent of GDP,,Percent,Department of Economic and Social Affairs/United Nations. 2022. United Nations Comtrade database. [https://comtrade.un.org](https://comtrade.un.org). Access Date: 15-03-2022; International Monetary Fund (IMF) Direction of Trade Statistics (DOTS). [https://data.imf.org/dot](https://data.imf.org/dot). Access Date: 24-03-2022. World Economic Outlook (WEO) Database. [https://www.imf.org/en/Publications/WEO/weo-database/2021/October](https://www.imf.org/en/Publications/WEO/weo-database/2021/October). Access Date: 24-03-2022; IMF staff calculations.,Exports,Units,0.0733758471359746,0.0956341023775087,0.0919474561390042,0.0974767488313451,0.0989866670188725,0.103715364956319,0.134991441840172,0.176183728584965,0.181870914267691,0.191706445473044,0.215807985370733,0.212416205938415,0.210539794409667,0.221160832823641,0.215799372497097,0.183212017210685,0.147869615926055,0.145736064989465,0.136228570716567,0.140444092667379,0.151639357936054,0.181396760999123,0.170805905484558,0.156874436366243,0.146438365074977,0.150600998115715,0.183429664915241,0.192602625915524
Colombia,CO,COL,Environmental goods exports as share of total exports,ECBTGX_PTX,Percent,Department of Economic and Social Affairs/United Nations. 2022. United Nations Comtrade database. [https://comtrade.un.org](https://comtrade.un.org). Access Date: 15-03-2022; International Monetary Fund (IMF) Direction of Trade Statistics (DOTS). [https://data.imf.org/dot](https://data.imf.org/dot). Access Date: 24-03-2022. World Economic Outlook (WEO) Database. [https://www.imf.org/en/Publications/WEO/weo-database/2021/October](https://www.imf.org/en/Publications/WEO/weo-database/2021/October). Access Date: 24-03-2022; IMF staff calculations.,Exports,Units,,,,,1.07128835737001,0.919848030223967,1.02700399937402,1.41364291814391,1.54587684428472,1.42364061018015,1.55388157128044,1.49320983880172,1.46358569622203,1.60221298293158,1.4116327679928,1.30806744516308,1.08286952982989,0.876043182346387,0.84702492988713,0.918051728084878,1.06059086283683,1.49333682192436,1.5383761566919,1.31381214953994,1.16999871583788,1.23217080548291,1.59732842125459,1.47124953159683
Colombia,CO,COL,Environmental goods imports,ECBTGM_USD,US Dollars,Department of Economic and Social Affairs/United Nations. 2022. United Nations Comtrade database. [https://comtrade.un.org](https://comtrade.un.org). Access Date: 15-03-2022; International Monetary Fund (IMF) Direction of Trade Statistics (DOTS). [https://data.imf.org/dot](https://data.imf.org/dot). Access Date: 24-03-2022. World Economic Outlook (WEO) Database. [https://www.imf.org/en/Publications/WEO/weo-database/2021/October](https://www.imf.org/en/Publications/WEO/weo-database/2021/October). Access Date: 24-03-2022; IMF staff calculations.,Imports,Units,786048644.0,924210043.0,1292865433.0,1382183652.0,1075915036.0,869004890.0,896445292.0,921104061.0,819214293.0,815656511.0,989911647.0,1304574271.0,1521115950.0,1994332648.0,2565828969.0,2349134756.0,2574599009.0,3154265988.0,3463115232.0,3664493117.0,3968429672.0,3529022462.0,2717747549.0,2963304108.2,3378833043.78,3460719863.4,3024241063.83,3966608183.02
Colombia,CO,COL,Environmental goods imports as percent of GDP,,Percent,Department of Economic and Social Affairs/United Nations. 2022. United Nations Comtrade database. [https://comtrade.un.org](https://comtrade.un.org). Access Date: 15-03-2022; International Monetary Fund (IMF) Direction of Trade Statistics (DOTS). [https://data.imf.org/dot](https://data.imf.org/dot). Access Date: 24-03-2022. World Economic Outlook (WEO) Database. [https://www.imf.org/en/Publications/WEO/weo-database/2021/October](https://www.imf.org/en/Publications/WEO/weo-database/2021/October). Access Date: 24-03-2022; IMF staff calculations.,Imports,Units,0.80516673160246,0.836246392092728,1.11373782477896,1.08458546857283,0.914292503473886,0.842952944129946,0.903401468166952,0.944079338498353,0.841832650540056,0.867408937759511,0.850906388134207,0.895992902078858,0.940162177044853,0.967042774396856,1.05805569265356,1.01051674016616,0.898642995550763,0.941667129803548,0.934231987082964,0.959056154295829,1.04092452890965,1.20242318873089,0.961287150757685,0.950112821026137,1.01124990959957,1.07124880523661,1.1183693930837,1.26217495193954
Colombia,CO,COL,Environmental goods imports as share of total imports,ECBTGM_PTX,Percent,Department of Economic and Social Affairs/United Nations. 2022. United Nations Comtrade database. [https://comtrade.un.org](https://comtrade.un.org). Access Date: 15-03-2022; International Monetary Fund (IMF) Direction of Trade Statistics (DOTS). [https://data.imf.org/dot](https://data.imf.org/dot). Access Date: 24-03-2022. World Economic Outlook (WEO) Database. [https://www.imf.org/en/Publications/WEO/weo-database/2021/October](https://www.imf.org/en/Publications/WEO/weo-database/2021/October). Access Date: 24-03-2022; IMF staff calculations.,Imports,Units,,,,,7.32997920257256,8.15237423386529,7.53832973292478,7.34167629986435,6.84180707018104,6.00074543973246,6.19537657880396,6.17368452743894,5.97280929028302,6.12019579817283,6.46814560706794,7.14075126034917,6.32796765226084,5.77228310983597,5.91110510155594,6.17111959278772,6.1985325107217,6.53050502583711,6.13688846985536,6.48295825111119,6.64909279073564,6.62085834932056,7.00319829942764,6.44119406640253
Colombia,CO,COL,Environmental goods trade balance,ECBTGTB_USD,US Dollars,Department of Economic and Social Affairs/United Nations. 2022. United Nations Comtrade database. [https://comtrade.un.org](https://comtrade.un.org). Access Date: 15-03-2022; International Monetary Fund (IMF) Direction of Trade Statistics (DOTS). [https://data.imf.org/dot](https://data.imf.org/dot). Access Date: 24-03-2022. World Economic Outlook (WEO) Database. [https://www.imf.org/en/Publications/WEO/weo-database/2021/October](https://www.imf.org/en/Publications/WEO/weo-database/2021/October). Access Date: 24-03-2022; IMF staff calculations.,Not Applicable,Units,-714415052.0,-818516316.0,-1186129642.0,-1257960368.0,-959430166.0,-762084142.0,-762493282.0,-749207970.0,-642229886.0,-635387893.0,-738848967.0,-995294235.0,-1180477444.0,-1538232586.0,-2042506534.0,-1923224229.0,-2150954727.0,-2666099524.0,-2958127986.0,-3127865091.0,-3390318473.0,-2996636485.0,-2234845712.0,-2474028885.86,-2889546684.3,-2974196225.68,-2528219330.41,-3361320341.7
Colombia,CO,COL,Environmental goods trade balance as percent of GDP,,Percent,Department of Economic and Social Affairs/United Nations. 2022. United Nations Comtrade database. [https://comtrade.un.org](https://comtrade.un.org). Access Date: 15-03-2022; International Monetary Fund (IMF) Direction of Trade Statistics (DOTS). [https://data.imf.org/dot](https://data.imf.org/dot). Access Date: 24-03-2022. World Economic Outlook (WEO) Database. [https://www.imf.org/en/Publications/WEO/weo-database/2021/October](https://www.imf.org/en/Publications/WEO/weo-database/2021/October). Access Date: 24-03-2022; IMF staff calculations.,Not Applicable,Units,-0.731790884466486,-0.740612289715219,-1.02179036863996,-0.987108719741482,-0.815305836455014,-0.739237579173627,-0.76841002632678,-0.767895609913389,-0.659961736272365,-0.675702492286467,-0.635098402763474,-0.683576696140443,-0.729622382635185,-0.745881941573215,-0.842256320156463,-0.827304722955473,-0.750773379624708,-0.795931064814083,-0.798003416366396,-0.81861206162845,-0.889285170973591,-1.02102642773177,-0.790481245273127,-0.793238384659894,-0.864811544524589,-0.920647807120899,-0.934939728168455,-1.06957232602401
Colombia,CO,COL,Total trade in environmental goods,,US Dollars,Department of Economic and Social Affairs/United Nations. 2022. United Nations Comtrade database. [https://comtrade.un.org](https://comtrade.un.org). Access Date: 15-03-2022; International Monetary Fund (IMF) Direction of Trade Statistics (DOTS). [https://data.imf.org/dot](https://data.imf.org/dot). Access Date: 24-03-2022. World Economic Outlook (WEO) Database. [https://www.imf.org/en/Publications/WEO/weo-database/2021/October](https://www.imf.org/en/Publications/WEO/weo-database/2021/October). Access Date: 24-03-2022; IMF staff calculations.,Not Applicable,Units,857682236.0,1029903770.0,1399601224.0,1506406936.0,1192399906.0,975925638.0,1030397302.0,1093000152.0,996198700.0,995925129.0,1240974327.0,1613854307.0,1861754456.0,2450432710.0,3089151404.0,2775045283.0,2998243291.0,3642432452.0,3968102478.0,4201121143.0,4546540871.0,4061408439.0,3200649386.0,3452579330.54,3868119403.26,3947243501.12,3520262797.25,4571896024.34
Colombia,CO,COL,Total trade in environmental goods as percent of GDP,,Percent,Department of Economic and Social Affairs/United Nations. 2022. United Nations Comtrade database. [https://comtrade.un.org](https://comtrade.un.org). Access Date: 15-03-2022; International Monetary Fund (IMF) Direction of Trade Statistics (DOTS). [https://data.imf.org/dot](https://data.imf.org/dot). Access Date: 24-03-2022. World Economic Outlook (WEO) Database. [https://www.imf.org/en/Publications/WEO/weo-database/2021/October](https://www.imf.org/en/Publications/WEO/weo-database/2021/October). Access Date: 24-03-2022; IMF staff calculations.,Not Applicable,Units,0.878542578738435,0.931880494470236,1.20568528091797,1.18206221740417,1.01327917049276,0.946668309086265,1.03839291000712,1.12026306708332,1.02370356480775,1.05911538323256,1.06671437350494,1.10840910801727,1.15070197145452,1.1882036072205,1.27385506515066,1.19372875737684,1.04651261147682,1.08740319479301,1.07046055779953,1.09950024696321,1.1925638868457,1.38381994973001,1.13209305624224,1.10698725739238,1.15768827467454,1.22184980335233,1.30179905799894,1.45477757785506
